{
  "auto": [
    [
      0.493984,
      0.534192,
      0.5744,
      0.63184,
      0.672048,
      0.718,
      0.781184,
      0.844368,
      0.907552,
      0.97648,
      1.045408,
      1.114336,
      1.183264,
      1.252192,
      1.32112
    ],
    [
      0.27569,
      0.29813,
      0.32057,
      0.352627,
      0.375067,
      0.400713,
      0.435975,
      0.471238,
      0.506501,
      0.544969,
      0.583437,
      0.621906,
      0.660374,
      0.698843,
      0.737311
    ],
    [
      0.306323,
      0.331257,
      0.35619,
      0.391809,
      0.416742,
      0.445238,
      0.484418,
      0.523599,
      0.56278,
      0.605523,
      0.648266,
      0.691009,
      0.733751,
      0.776494,
      0.819237
    ],
    [
      0.704271,
      0.761596,
      0.81892,
      0.900812,
      0.958136,
      1.02365,
      1.113731,
      1.203812,
      1.293894,
      1.392164,
      1.490434,
      1.588705,
      1.686975,
      1.785246,
      1.883516
    ],
    [
      0.774361,
      0.837391,
      0.90042,
      0.990462,
      1.053491,
      1.125525,
      1.224571,
      1.323617,
      1.422664,
      1.530714,
      1.638764,
      1.746815,
      1.854865,
      1.962916,
      2.070966
    ],
    [
      1.1266,
      1.2183,
      1.31,
      1.441,
      1.5327,
      1.6375,
      1.7816,
      1.9257,
      2.0698,
      2.227,
      2.3842,
      2.5414,
      2.6986,
      2.8558,
      3.013
    ],
    [
      25,
      25,
      25,
      25,
      25,
      25,
      25,
      25,
      25,
      25,
      25,
      25,
      25,
      25,
      25
    ],
    [
      0.639324,
      0.691362,
      0.7434,
      0.81774,
      0.869778,
      0.92925,
      1.011024,
      1.092798,
      1.174572,
      1.26378,
      1.352988,
      1.442196,
      1.531404,
      1.620612,
      1.70982
    ],
    [
      1.278377,
      1.382431,
      1.486485,
      1.635134,
      1.739187,
      1.858106,
      2.02162,
      2.185133,
      2.348646,
      2.527025,
      2.705403,
      2.883781,
      3.062159,
      3.240537,
      3.418915
    ],
    [
      1.596762,
      1.726731,
      1.8567,
      2.04237,
      2.172339,
      2.320875,
      2.525112,
      2.729349,
      2.933586,
      3.15639,
      3.379194,
      3.601998,
      3.824802,
      4.047606,
      4.27041
    ]
  ],
  "skill": [
    [
      0.8776,
      0.94342,
      1.00924,
      1.097,
      1.16282,
      1.22864,
      1.3164,
      1.40416,
      1.49192,
      1.57968,
      1.66744,
      1.7552,
      1.8649,
      1.9746,
      2.0843
    ],
    [
      0.6376,
      0.68542,
      0.73324,
      0.797,
      0.84482,
      0.89264,
      0.9564,
      1.02016,
      1.08392,
      1.14768,
      1.21144,
      1.2752,
      1.3549,
      1.4346,
      1.5143
    ],
    [
      60,
      60,
      60,
      60,
      60,
      60,
      60,
      60,
      60,
      60,
      60,
      60,
      60,
      60,
      60
    ],
    [
      20,
      20,
      20,
      20,
      20,
      20,
      20,
      20,
      20,
      20,
      20,
      20,
      20,
      20,
      20
    ]
  ],
  "burst": [
    [
      3.805672,
      4.1366,
      4.4252,
      4.81,
      5.0986,
      5.3872,
      5.772,
      6.1568,
      6.5416,
      6.9264,
      7.3112,
      7.696,
      8.177,
      8.658,
      9.139
    ],
    [
      12,
      12,
      12,
      12,
      12,
      12,
      12,
      12,
      12,
      12,
      12,
      12,
      12,
      12,
      12
    ],
    [
      18,
      18,
      18,
      18,
      18,
      18,
      18,
      18,
      18,
      18,
      18,
      18,
      18,
      18,
      18
    ],
    [
      70,
      70,
      70,
      70,
      70,
      70,
      70,
      70,
      70,
      70,
      70,
      70,
      70,
      70,
      70
    ]
  ],
  "passive1": [
    [
      0.2
    ],
    [
      12
    ]
  ],
  "passive2": [
    [
      0.2
    ]
  ],
  "passive3": [],
  "passive": [
    [
      20
    ]
  ],
  "constellation1": [
    3,
    5
  ],
  "constellation2": [
    20
  ],
  "constellation3": [],
  "constellation4": [
    0.08,
    0.12,
    0.16,
    0.2
  ],
  "constellation5": [],
  "constellation6": [
    2,
    5
  ]
}