{
  "auto": [
    [
      0.376,
      0.4042,
      0.4324,
      0.47,
      0.4982,
      0.5264,
      0.564,
      0.6016,
      0.6392,
      0.6768,
      0.7144,
      0.752,
      0.799,
      0.846,
      0.893
    ],
    [
      0.36,
      0.387,
      0.414,
      0.45,
      0.477,
      0.504,
      0.54,
      0.576,
      0.612,
      0.648,
      0.684,
      0.72,
      0.765,
      0.81,
      0.855
    ],
    [
      0.448,
      0.4816,
      0.5152,
      0.56,
      0.5936,
      0.6272,
      0.672,
      0.7168,
      0.7616,
      0.8064,
      0.8512,
      0.896,
      0.952,
      1.008,
      1.064
    ],
    [
      0.5616,
      0.60372,
      0.64584,
      0.702,
      0.74412,
      0.78624,
      0.8424,
      0.89856,
      0.95472,
      1.01088,
      1.06704,
      1.1232,
      1.1934,
      1.2636,
      1.3338
    ],
    [
      1.4972,
      1.60949,
      1.72178,
      1.8715,
      1.98379,
      2.09608,
      2.2458,
      2.39552,
      2.54524,
      2.69496,
      2.850669,
      3.054288,
      3.257907,
      3.461526,
      3.665146
    ],
    [
      50,
      50,
      50,
      50,
      50,
      50,
      50,
      50,
      50,
      50,
      50,
      50,
      50,
      50,
      50
    ],
    [
      0.568288,
      0.614544,
      0.6608,
      0.72688,
      0.773136,
      0.826,
      0.898688,
      0.971376,
      1.044064,
      1.12336,
      1.202656,
      1.281952,
      1.361248,
      1.440544,
      1.51984
    ],
    [
      1.136335,
      1.228828,
      1.32132,
      1.453452,
      1.545944,
      1.65165,
      1.796995,
      1.94234,
      2.087686,
      2.246244,
      2.404802,
      2.563361,
      2.721919,
      2.880478,
      3.039036
    ],
    [
      1.419344,
      1.534872,
      1.6504,
      1.81544,
      1.930968,
      2.063,
      2.244544,
      2.426088,
      2.607632,
      2.80568,
      3.003728,
      3.201776,
      3.399824,
      3.597872,
      3.79592
    ]
  ],
  "skill": [
    [
      0.32,
      0.344,
      0.368,
      0.4,
      0.424,
      0.448,
      0.48,
      0.512,
      0.544,
      0.576,
      0.608,
      0.64,
      0.68,
      0.72,
      0.76
    ],
    [
      1.328,
      1.4276,
      1.5272,
      1.66,
      1.7596,
      1.8592,
      1.992,
      2.1248,
      2.2576,
      2.3904,
      2.5232,
      2.656,
      2.822,
      2.988,
      3.154
    ],
    [
      12,
      12,
      12,
      12,
      12,
      12,
      12,
      12,
      12,
      12,
      12,
      12,
      12,
      12,
      12
    ]
  ],
  "burst": [
    [
      8,
      8,
      8,
      8,
      8,
      8,
      8,
      8,
      8,
      8,
      8,
      8,
      8,
      8,
      8
    ],
    [
      4.424,
      4.7558,
      5.0876,
      5.53,
      5.8618,
      6.1936,
      6.636,
      7.0784,
      7.5208,
      7.9632,
      8.4056,
      8.848,
      9.401,
      9.954,
      10.507
    ],
    [
      -0.42,
      -0.44,
      -0.46,
      -0.48,
      -0.5,
      -0.52,
      -0.54,
      -0.56,
      -0.58,
      -0.6,
      -0.6,
      -0.6,
      -0.6,
      -0.6,
      -0.6
    ],
    [
      4,
      4,
      4,
      4.5,
      4.5,
      4.5,
      5,
      5,
      5,
      5,
      5,
      5,
      5,
      5,
      5
    ],
    [
      15,
      15,
      15,
      15,
      15,
      15,
      15,
      15,
      15,
      15,
      15,
      15,
      15,
      15,
      15
    ],
    [
      60,
      60,
      60,
      60,
      60,
      60,
      60,
      60,
      60,
      60,
      60,
      60,
      60,
      60,
      60
    ],
    [
      0.42,
      0.44,
      0.46,
      0.48,
      0.5,
      0.52,
      0.54,
      0.56,
      0.58,
      0.6,
      0.6,
      0.6,
      0.6,
      0.6,
      0.6
    ]
  ],
  "sprint": [
    [
      10
    ],
    [
      15
    ]
  ],
  "passive1": [
    [
      2
    ],
    [
      2
    ],
    [
      0.5
    ]
  ],
  "passive2": [
    [
      1
    ],
    [
      0.2
    ]
  ],
  "passive3": [],
  "constellation1": [
    0.15,
    0.15,
    0.15,
    0.15,
    5,
    8
  ],
  "constellation2": [
    0.2,
    1,
    5
  ],
  "constellation3": [],
  "constellation4": [
    -0.15
  ],
  "constellation5": [],
  "constellation6": [
    1,
    0.6,
    1.8,
    8
  ]
}