{
  "auto": [
    [
      0.447295,
      0.483702,
      0.52011,
      0.572121,
      0.608529,
      0.650137,
      0.70735,
      0.764562,
      0.821774,
      0.884187,
      0.9466,
      1.009013,
      1.071427,
      1.13384,
      1.196253
    ],
    [
      0.421864,
      0.456202,
      0.49054,
      0.539594,
      0.573932,
      0.613175,
      0.667134,
      0.721094,
      0.775053,
      0.833918,
      0.892783,
      0.951648,
      1.010512,
      1.069377,
      1.128242
    ],
    [
      0.531635,
      0.574907,
      0.61818,
      0.679998,
      0.723271,
      0.772725,
      0.840725,
      0.908725,
      0.976724,
      1.050906,
      1.125088,
      1.199269,
      1.273451,
      1.347632,
      1.421814
    ],
    [
      0.706206,
      0.763688,
      0.82117,
      0.903287,
      0.960769,
      1.026463,
      1.116791,
      1.20712,
      1.297449,
      1.395989,
      1.494529,
      1.59307,
      1.69161,
      1.790151,
      1.888691
    ],
    [
      0.4386,
      0.4743,
      0.51,
      0.561,
      0.5967,
      0.6375,
      0.6936,
      0.7497,
      0.8058,
      0.867,
      0.9282,
      0.9894,
      1.0506,
      1.1118,
      1.173
    ],
    [
      1.24,
      1.333,
      1.426,
      1.55,
      1.643,
      1.736,
      1.86,
      1.984,
      2.108,
      2.232,
      2.356,
      2.48,
      2.635,
      2.79,
      2.945
    ],
    [
      0.568288,
      0.614544,
      0.6608,
      0.72688,
      0.773136,
      0.826,
      0.898688,
      0.971376,
      1.044064,
      1.12336,
      1.202656,
      1.281952,
      1.361248,
      1.440544,
      1.51984
    ],
    [
      1.136335,
      1.228828,
      1.32132,
      1.453452,
      1.545944,
      1.65165,
      1.796995,
      1.94234,
      2.087686,
      2.246244,
      2.404802,
      2.563361,
      2.721919,
      2.880478,
      3.039036
    ],
    [
      1.419344,
      1.534872,
      1.6504,
      1.81544,
      1.930968,
      2.063,
      2.244544,
      2.426088,
      2.607632,
      2.80568,
      3.003728,
      3.201776,
      3.399824,
      3.597872,
      3.79592
    ]
  ],
  "skill": [
    [
      1.488,
      1.5996,
      1.7112,
      1.86,
      1.9716,
      2.0832,
      2.232,
      2.3808,
      2.5296,
      2.6784,
      2.8272,
      2.976,
      3.162,
      3.348,
      3.534
    ],
    [
      1.08,
      1.161,
      1.242,
      1.35,
      1.431,
      1.512,
      1.62,
      1.728,
      1.836,
      1.944,
      2.052,
      2.16,
      2.295,
      2.43,
      2.565
    ],
    [
      18,
      18,
      18,
      18,
      18,
      18,
      18,
      18,
      18,
      18,
      18,
      18,
      18,
      18,
      18
    ],
    [
      6,
      6,
      6,
      6,
      6,
      6,
      6,
      6,
      6,
      6,
      6,
      6,
      6,
      6,
      6
    ],
    [
      5.5,
      5.5,
      5.5,
      5.5,
      5.5,
      5.5,
      5.5,
      5.5,
      5.5,
      5.5,
      5.5,
      5.5,
      5.5,
      5.5,
      5.5
    ]
  ],
  "burst": [
    [
      3.776,
      4.0592,
      4.3424,
      4.72,
      5.0032,
      5.2864,
      5.664,
      6.0416,
      6.4192,
      6.7968,
      7.1744,
      7.552,
      8.024,
      8.496,
      8.968
    ],
    [
      0.18,
      0.1935,
      0.207,
      0.225,
      0.2385,
      0.252,
      0.27,
      0.288,
      0.306,
      0.324,
      0.342,
      0.36,
      0.3825,
      0.405,
      0.4275
    ],
    [
      4,
      4,
      4,
      4,
      4,
      4,
      4,
      4,
      4,
      4,
      4,
      4,
      4,
      4,
      4
    ],
    [
      0.3,
      0.3,
      0.3,
      0.3,
      0.3,
      0.3,
      0.3,
      0.3,
      0.3,
      0.3,
      0.3,
      0.3,
      0.3,
      0.3,
      0.3
    ],
    [
      4,
      4,
      4,
      4,
      4,
      4,
      4,
      4,
      4,
      4,
      4,
      4,
      4,
      4,
      4
    ],
    [
      12,
      12,
      12,
      12,
      12,
      12,
      12,
      12,
      12,
      12,
      12,
      12,
      12,
      12,
      12
    ],
    [
      20,
      20,
      20,
      20,
      20,
      20,
      20,
      20,
      20,
      20,
      20,
      20,
      20,
      20,
      20
    ],
    [
      80,
      80,
      80,
      80,
      80,
      80,
      80,
      80,
      80,
      80,
      80,
      80,
      80,
      80,
      80
    ]
  ],
  "passive1": [
    [
      0.6
    ]
  ],
  "passive2": [
    [
      0.32
    ],
    [
      0.8
    ],
    [
      4
    ]
  ],
  "passive3": [],
  "constellation1": [
    1
  ],
  "constellation2": [
    6
  ],
  "constellation3": [],
  "constellation4": [
    2,
    0.5,
    2
  ],
  "constellation5": [],
  "constellation6": [
    0.4,
    3
  ]
}