{
  "auto": [
    [
      0.51551,
      0.55747,
      0.59943,
      0.659373,
      0.701333,
      0.749287,
      0.815225,
      0.881162,
      0.947099,
      1.019031,
      1.090963,
      1.162894,
      1.234826,
      1.306757,
      1.378689
    ],
    [
      0.475933,
      0.514671,
      0.55341,
      0.608751,
      0.64749,
      0.691762,
      0.752638,
      0.813513,
      0.874388,
      0.940797,
      1.007206,
      1.073615,
      1.140025,
      1.206434,
      1.272843
    ],
    [
      0.329995,
      0.356855,
      0.383715,
      0.422087,
      0.448947,
      0.479644,
      0.521852,
      0.564061,
      0.60627,
      0.652316,
      0.698361,
      0.744407,
      0.790453,
      0.836499,
      0.882544
    ],
    [
      0.403327,
      0.436156,
      0.468985,
      0.515884,
      0.548712,
      0.586231,
      0.63782,
      0.689408,
      0.740996,
      0.797274,
      0.853553,
      0.909831,
      0.966109,
      1.022387,
      1.078666
    ],
    [
      1.15412,
      1.24806,
      1.342,
      1.4762,
      1.57014,
      1.6775,
      1.82512,
      1.97274,
      2.12036,
      2.2814,
      2.44244,
      2.60348,
      2.76452,
      2.92556,
      3.0866
    ],
    [
      25,
      25,
      25,
      25,
      25,
      25,
      25,
      25,
      25,
      25,
      25,
      25,
      25,
      25,
      25
    ],
    [
      0.639324,
      0.691362,
      0.7434,
      0.81774,
      0.869778,
      0.92925,
      1.011024,
      1.092798,
      1.174572,
      1.26378,
      1.352988,
      1.442196,
      1.531404,
      1.620612,
      1.70982
    ],
    [
      1.278377,
      1.382431,
      1.486485,
      1.635134,
      1.739187,
      1.858106,
      2.02162,
      2.185133,
      2.348646,
      2.527025,
      2.705403,
      2.883781,
      3.062159,
      3.240537,
      3.418915
    ],
    [
      1.596762,
      1.726731,
      1.8567,
      2.04237,
      2.172339,
      2.320875,
      2.525112,
      2.729349,
      2.933586,
      3.15639,
      3.379194,
      3.601998,
      3.824802,
      4.047606,
      4.27041
    ]
  ],
  "skill": [
    [
      0.504,
      0.5418,
      0.5796,
      0.63,
      0.6678,
      0.7056,
      0.756,
      0.8064,
      0.8568,
      0.9072,
      0.9576,
      1.008,
      1.071,
      1.134,
      1.197
    ],
    [
      1.2,
      1.29,
      1.38,
      1.5,
      1.59,
      1.68,
      1.8,
      1.92,
      2.04,
      2.16,
      2.28,
      2.4,
      2.55,
      2.7,
      2.85
    ],
    [
      20,
      20,
      20,
      20,
      20,
      20,
      20,
      20,
      20,
      20,
      20,
      20,
      20,
      20,
      20
    ],
    [
      0.336,
      0.3612,
      0.3864,
      0.42,
      0.4452,
      0.4704,
      0.504,
      0.5376,
      0.5712,
      0.6048,
      0.6384,
      0.672,
      0.714,
      0.756,
      0.798
    ],
    [
      10,
      10,
      10,
      10,
      10,
      10,
      10,
      10,
      10,
      10,
      10,
      10,
      10,
      10,
      10
    ],
    [
      15,
      15,
      15,
      15,
      15,
      15,
      15,
      15,
      15,
      15,
      15,
      15,
      15,
      15,
      15
    ],
    [
      6,
      6,
      6,
      6,
      6,
      6,
      6,
      6,
      6,
      6,
      6,
      6,
      6,
      6,
      6
    ]
  ],
  "burst": [
    [
      5.928,
      6.3726,
      6.8172,
      7.41,
      7.8546,
      8.2992,
      8.892,
      9.4848,
      10.0776,
      10.6704,
      11.2632,
      11.856,
      12.597,
      13.338,
      14.079
    ],
    [
      1.72032,
      1.849344,
      1.978368,
      2.1504,
      2.279424,
      2.408448,
      2.58048,
      2.752512,
      2.924544,
      3.096576,
      3.268608,
      3.44064,
      3.65568,
      3.87072,
      4.08576
    ],
    [
      1078.5255,
      1186.3931,
      1303.2495,
      1429.095,
      1563.9294,
      1707.7528,
      1860.5652,
      2022.3665,
      2193.1567,
      2372.936,
      2561.704,
      2759.4614,
      2966.2075,
      3181.9426,
      3406.6665
    ],
    [
      15,
      15,
      15,
      15,
      15,
      15,
      15,
      15,
      15,
      15,
      15,
      15,
      15,
      15,
      15
    ],
    [
      60,
      60,
      60,
      60,
      60,
      60,
      60,
      60,
      60,
      60,
      60,
      60,
      60,
      60,
      60
    ]
  ],
  "passive1": [
    [
      1.3824
    ],
    [
      9
    ]
  ],
  "passive2": [
    [
      0.05
    ],
    [
      0.1
    ],
    [
      0.15
    ],
    [
      0.55
    ],
    [
      12
    ]
  ],
  "passive3": [],
  "constellation1": [
    0.6,
    15
  ],
  "constellation2": [
    15,
    2.4,
    5
  ],
  "constellation3": [],
  "constellation4": [
    6,
    2,
    7
  ],
  "constellation5": [],
  "constellation6": [
    5,
    0.5,
    6
  ],
  "upgradeableSkills": []
}