{
  "auto": [
    [
      0.531299,
      0.574545,
      0.61779,
      0.679569,
      0.722814,
      0.772237,
      0.840194,
      0.908151,
      0.976108,
      1.050243,
      1.124378,
      1.198513,
      1.272647,
      1.346782,
      1.420917
    ],
    [
      0.493107,
      0.533243,
      0.57338,
      0.630718,
      0.670855,
      0.716725,
      0.779797,
      0.842869,
      0.90594,
      0.974746,
      1.043552,
      1.112357,
      1.181163,
      1.249968,
      1.318774
    ],
    [
      0.276449,
      0.298951,
      0.321453,
      0.353598,
      0.3761,
      0.401816,
      0.437176,
      0.472535,
      0.507895,
      0.546469,
      0.585044,
      0.623618,
      0.662192,
      0.700767,
      0.739341
    ],
    [
      0.324527,
      0.350942,
      0.377357,
      0.415093,
      0.441508,
      0.471697,
      0.513206,
      0.554715,
      0.596225,
      0.641508,
      0.68679,
      0.732073,
      0.777356,
      0.822639,
      0.867922
    ],
    [
      0.772615,
      0.835503,
      0.89839,
      0.988229,
      1.051116,
      1.122988,
      1.22181,
      1.320633,
      1.419456,
      1.527263,
      1.63507,
      1.742877,
      1.850683,
      1.95849,
      2.066297
    ],
    [
      1.2169,
      1.31595,
      1.415,
      1.5565,
      1.65555,
      1.76875,
      1.9244,
      2.08005,
      2.2357,
      2.4055,
      2.5753,
      2.7451,
      2.9149,
      3.0847,
      3.2545
    ],
    [
      25,
      25,
      25,
      25,
      25,
      25,
      25,
      25,
      25,
      25,
      25,
      25,
      25,
      25,
      25
    ],
    [
      0.639324,
      0.691362,
      0.7434,
      0.81774,
      0.869778,
      0.92925,
      1.011024,
      1.092798,
      1.174572,
      1.26378,
      1.352988,
      1.442196,
      1.531404,
      1.620612,
      1.70982
    ],
    [
      1.278377,
      1.382431,
      1.486485,
      1.635134,
      1.739187,
      1.858106,
      2.02162,
      2.185133,
      2.348646,
      2.527025,
      2.705403,
      2.883781,
      3.062159,
      3.240537,
      3.418915
    ],
    [
      1.596762,
      1.726731,
      1.8567,
      2.04237,
      2.172339,
      2.320875,
      2.525112,
      2.729349,
      2.933586,
      3.15639,
      3.379194,
      3.601998,
      3.824802,
      4.047606,
      4.27041
    ]
  ],
  "skill": [
    [
      1.152,
      1.2384,
      1.3248,
      1.44,
      1.5264,
      1.6128,
      1.728,
      1.8432,
      1.9584,
      2.0736,
      2.1888,
      2.304,
      2.448,
      2.592,
      2.736
    ],
    [
      1.728,
      1.8576,
      1.9872,
      2.16,
      2.2896,
      2.4192,
      2.592,
      2.7648,
      2.9376,
      3.1104,
      3.2832,
      3.456,
      3.672,
      3.888,
      4.104
    ],
    [
      2.824,
      3.0358,
      3.2476,
      3.53,
      3.7418,
      3.9536,
      4.236,
      4.5184,
      4.8008,
      5.0832,
      5.3656,
      5.648,
      6.001,
      6.354,
      6.707
    ],
    [
      12,
      12,
      12,
      12,
      12,
      12,
      12,
      12,
      12,
      12,
      12,
      12,
      12,
      12,
      12
    ],
    [
      0.026667,
      0.028667,
      0.030667,
      0.033333,
      0.035333,
      0.037333,
      0.04,
      0.042667,
      0.045333,
      0.048,
      0.050667,
      0.053333,
      0.056667,
      0.06,
      0.063333
    ],
    [
      256.79184,
      282.47458,
      310.29758,
      340.26077,
      372.36423,
      406.60788,
      442.9918,
      481.51593,
      522.1803,
      564.98486,
      609.9297,
      657.0147,
      706.24,
      757.6055,
      811.11127
    ],
    [
      0.288,
      0.3096,
      0.3312,
      0.36,
      0.3816,
      0.4032,
      0.432,
      0.4608,
      0.4896,
      0.5184,
      0.5472,
      0.576,
      0.612,
      0.648,
      0.684
    ],
    [
      10,
      10,
      10,
      10,
      10,
      10,
      10,
      10,
      10,
      10,
      10,
      10,
      10,
      10,
      10
    ],
    [
      15,
      15,
      15,
      15,
      15,
      15,
      15,
      15,
      15,
      15,
      15,
      15,
      15,
      15,
      15
    ]
  ],
  "burst": [
    [
      3.6816,
      3.95772,
      4.23384,
      4.602,
      4.87812,
      5.15424,
      5.5224,
      5.89056,
      6.25872,
      6.62688,
      6.99504,
      7.3632,
      7.8234,
      8.2836,
      8.7438
    ],
    [
      0.49088,
      0.527696,
      0.564512,
      0.6136,
      0.650416,
      0.687232,
      0.73632,
      0.785408,
      0.834496,
      0.883584,
      0.932672,
      0.98176,
      1.04312,
      1.10448,
      1.16584
    ],
    [
      15,
      15,
      15,
      15,
      15,
      15,
      15,
      15,
      15,
      15,
      15,
      15,
      15,
      15,
      15
    ],
    [
      60,
      60,
      60,
      60,
      60,
      60,
      60,
      60,
      60,
      60,
      60,
      60,
      60,
      60,
      60
    ]
  ],
  "passive1": [
    [
      0.4
    ],
    [
      6
    ]
  ],
  "passive2": [
    [
      0.01
    ],
    [
      30
    ],
    [
      0.4
    ]
  ],
  "passive3": [],
  "constellation1": [
    6,
    10
  ],
  "constellation2": [
    1.2,
    10
  ],
  "constellation3": [],
  "constellation4": [
    6,
    2
  ],
  "constellation5": [],
  "constellation6": [
    12,
    0.1,
    0.2,
    8,
    3
  ]
}