{
  "auto": [
    [
      0.3612,
      0.3906,
      0.42,
      0.462,
      0.4914,
      0.525,
      0.5712,
      0.6174,
      0.6636,
      0.714,
      0.7644,
      0.8148,
      0.8652,
      0.9156,
      0.966
    ],
    [
      0.3612,
      0.3906,
      0.42,
      0.462,
      0.4914,
      0.525,
      0.5712,
      0.6174,
      0.6636,
      0.714,
      0.7644,
      0.8148,
      0.8652,
      0.9156,
      0.966
    ],
    [
      0.4644,
      0.5022,
      0.54,
      0.594,
      0.6318,
      0.675,
      0.7344,
      0.7938,
      0.8532,
      0.918,
      0.9828,
      1.0476,
      1.1124,
      1.1772,
      1.242
    ],
    [
      0.473,
      0.5115,
      0.55,
      0.605,
      0.6435,
      0.6875,
      0.748,
      0.8085,
      0.869,
      0.935,
      1.001,
      1.067,
      1.133,
      1.199,
      1.265
    ],
    [
      0.5934,
      0.6417,
      0.69,
      0.759,
      0.8073,
      0.8625,
      0.9384,
      1.0143,
      1.0902,
      1.173,
      1.2558,
      1.3386,
      1.4214,
      1.5042,
      1.587
    ],
    [
      0.4386,
      0.4743,
      0.51,
      0.561,
      0.5967,
      0.6375,
      0.6936,
      0.7497,
      0.8058,
      0.867,
      0.9282,
      0.9894,
      1.0506,
      1.1118,
      1.173
    ],
    [
      1.24,
      1.333,
      1.426,
      1.55,
      1.643,
      1.736,
      1.86,
      1.984,
      2.108,
      2.232,
      2.356,
      2.48,
      2.635,
      2.79,
      2.945
    ],
    [
      0.568288,
      0.614544,
      0.6608,
      0.72688,
      0.773136,
      0.826,
      0.898688,
      0.971376,
      1.044064,
      1.12336,
      1.202656,
      1.281952,
      1.361248,
      1.440544,
      1.51984
    ],
    [
      1.136335,
      1.228828,
      1.32132,
      1.453452,
      1.545944,
      1.65165,
      1.796995,
      1.94234,
      2.087686,
      2.246244,
      2.404802,
      2.563361,
      2.721919,
      2.880478,
      3.039036
    ],
    [
      1.419344,
      1.534872,
      1.6504,
      1.81544,
      1.930968,
      2.063,
      2.244544,
      2.426088,
      2.607632,
      2.80568,
      3.003728,
      3.201776,
      3.399824,
      3.597872,
      3.79592
    ]
  ],
  "skill": [
    [
      0.4136,
      0.44462,
      0.47564,
      0.517,
      0.54802,
      0.57904,
      0.6204,
      0.66176,
      0.70312,
      0.74448,
      0.78584,
      0.8272,
      0.8789,
      0.9306,
      0.9823
    ],
    [
      1.232,
      1.3244,
      1.4168,
      1.54,
      1.6324,
      1.7248,
      1.848,
      1.9712,
      2.0944,
      2.2176,
      2.3408,
      2.464,
      2.618,
      2.772,
      2.926
    ],
    [
      -0.5864,
      -0.55538,
      -0.52436,
      -0.483,
      -0.45198,
      -0.42096,
      -0.3796,
      -0.33824,
      -0.29688,
      -0.25552,
      -0.21416,
      -0.1728,
      -0.1211,
      -0.0694,
      -0.0177
    ],
    [
      15,
      15,
      15,
      15,
      15,
      15,
      15,
      15,
      15,
      15,
      15,
      15,
      15,
      15,
      15
    ]
  ],
  "burst": [
    [
      0.2808,
      0.30186,
      0.32292,
      0.351,
      0.37206,
      0.39312,
      0.4212,
      0.44928,
      0.47736,
      0.50544,
      0.53352,
      0.5616,
      0.5967,
      0.6318,
      0.6669
    ],
    [
      12,
      12,
      12,
      12,
      12,
      12,
      12,
      12,
      12,
      12,
      12,
      12,
      12,
      12,
      12
    ],
    [
      40,
      40,
      40,
      40,
      40,
      40,
      40,
      40,
      40,
      40,
      40,
      40,
      40,
      40,
      40
    ],
    [
      5.0544,
      5.43348,
      5.81256,
      6.318,
      6.69708,
      7.07616,
      7.5816,
      8.08704,
      8.59248,
      9.09792,
      9.60336,
      10.1088,
      10.7406,
      11.3724,
      12.0042
    ],
    [
      2,
      2,
      2,
      2,
      2,
      2,
      2,
      2,
      2,
      2,
      2,
      2,
      2,
      2,
      2
    ]
  ],
  "passive1": [
    [
      0.1
    ],
    [
      0.3
    ]
  ],
  "passive2": [
    [
      0.15
    ],
    [
      10
    ]
  ],
  "passive3": [],
  "constellation1": [
    0.2
  ],
  "constellation2": [
    2
  ],
  "constellation3": [],
  "constellation4": [],
  "constellation5": [],
  "constellation6": [
    0.15,
    0.15,
    10
  ]
}