{
  "auto": [
    [
      0.348352,
      0.376706,
      0.40506,
      0.445566,
      0.47392,
      0.506325,
      0.550882,
      0.595438,
      0.639995,
      0.688602,
      0.737209,
      0.785816,
      0.834424,
      0.883031,
      0.931638
    ],
    [
      0.342211,
      0.370066,
      0.39792,
      0.437712,
      0.465566,
      0.4974,
      0.541171,
      0.584942,
      0.628714,
      0.676464,
      0.724214,
      0.771965,
      0.819715,
      0.867466,
      0.915216
    ],
    [
      0.227556,
      0.246078,
      0.2646,
      0.29106,
      0.309582,
      0.33075,
      0.359856,
      0.388962,
      0.418068,
      0.44982,
      0.481572,
      0.513324,
      0.545076,
      0.576828,
      0.60858
    ],
    [
      0.227556,
      0.246078,
      0.2646,
      0.29106,
      0.309582,
      0.33075,
      0.359856,
      0.388962,
      0.418068,
      0.44982,
      0.481572,
      0.513324,
      0.545076,
      0.576828,
      0.60858
    ],
    [
      0.560677,
      0.606314,
      0.65195,
      0.717145,
      0.762782,
      0.814938,
      0.886652,
      0.958367,
      1.030081,
      1.108315,
      1.186549,
      1.264783,
      1.343017,
      1.421251,
      1.499485
    ],
    [
      0.94944,
      1.02672,
      1.104,
      1.2144,
      1.29168,
      1.38,
      1.50144,
      1.62288,
      1.74432,
      1.8768,
      2.00928,
      2.14176,
      2.27424,
      2.40672,
      2.5392
    ],
    [
      25,
      25,
      25,
      25,
      25,
      25,
      25,
      25,
      25,
      25,
      25,
      25,
      25,
      25,
      25
    ],
    [
      0.639324,
      0.691362,
      0.7434,
      0.81774,
      0.869778,
      0.92925,
      1.011024,
      1.092798,
      1.174572,
      1.26378,
      1.352988,
      1.442196,
      1.531404,
      1.620612,
      1.70982
    ],
    [
      1.278377,
      1.382431,
      1.486485,
      1.635134,
      1.739187,
      1.858106,
      2.02162,
      2.185133,
      2.348646,
      2.527025,
      2.705403,
      2.883781,
      3.062159,
      3.240537,
      3.418915
    ],
    [
      1.596762,
      1.726731,
      1.8567,
      2.04237,
      2.172339,
      2.320875,
      2.525112,
      2.729349,
      2.933586,
      3.15639,
      3.379194,
      3.601998,
      3.824802,
      4.047606,
      4.27041
    ]
  ],
  "skill": [
    [
      0.864,
      0.9288,
      0.9936,
      1.08,
      1.1448,
      1.2096,
      1.296,
      1.3824,
      1.4688,
      1.5552,
      1.6416,
      1.728,
      1.836,
      1.944,
      2.052
    ],
    [
      2.21184,
      2.377728,
      2.543616,
      2.7648,
      2.930688,
      3.096576,
      3.31776,
      3.538944,
      3.760128,
      3.981312,
      4.202496,
      4.42368,
      4.70016,
      4.97664,
      5.25312
    ],
    [
      1386.6759,
      1525.3628,
      1675.6068,
      1837.4082,
      2010.7667,
      2195.6826,
      2392.1558,
      2600.186,
      2819.7734,
      3050.9182,
      3293.6204,
      3547.8796,
      3813.696,
      4091.0698,
      4380.0005
    ],
    [
      0.96,
      1.032,
      1.104,
      1.2,
      1.272,
      1.344,
      1.44,
      1.536,
      1.632,
      1.728,
      1.824,
      1.92,
      2.04,
      2.16,
      2.28
    ],
    [
      20,
      20,
      20,
      20,
      20,
      20,
      20,
      20,
      20,
      20,
      20,
      20,
      20,
      20,
      20
    ],
    [
      20,
      20,
      20,
      20,
      20,
      20,
      20,
      20,
      20,
      20,
      20,
      20,
      20,
      20,
      20
    ],
    [
      16,
      16,
      16,
      16,
      16,
      16,
      16,
      16,
      16,
      16,
      16,
      16,
      16,
      16,
      16
    ]
  ],
  "burst": [
    [
      6.768,
      7.2756,
      7.7832,
      8.46,
      8.9676,
      9.4752,
      10.152,
      10.8288,
      11.5056,
      12.1824,
      12.8592,
      13.536,
      14.382,
      15.228,
      16.074
    ],
    [
      15,
      15,
      15,
      15,
      15,
      15,
      15,
      15,
      15,
      15,
      15,
      15,
      15,
      15,
      15
    ],
    [
      60,
      60,
      60,
      60,
      60,
      60,
      60,
      60,
      60,
      60,
      60,
      60,
      60,
      60,
      60
    ]
  ],
  "passive1": [
    [
      0.65
    ],
    [
      3.5
    ]
  ],
  "passive2": [
    [
      0.06
    ],
    [
      20
    ]
  ],
  "passive3": [
    [
      0.007
    ],
    [
      0.14
    ]
  ],
  "passive": [],
  "constellation1": [
    0.025,
    0.5,
    20
  ],
  "constellation2": [
    3
  ],
  "constellation3": [],
  "constellation4": [
    5,
    4
  ],
  "constellation5": [],
  "constellation6": [
    1.35,
    3.5
  ],
  "upgradeableSkills": []
}