{
  "auto": [
    [
      0.3612,
      0.3906,
      0.42,
      0.462,
      0.4914,
      0.525,
      0.5712,
      0.6174,
      0.6636,
      0.714,
      0.77175,
      0.839664,
      0.907578,
      0.975492,
      1.04958
    ],
    [
      0.3354,
      0.3627,
      0.39,
      0.429,
      0.4563,
      0.4875,
      0.5304,
      0.5733,
      0.6162,
      0.663,
      0.716625,
      0.779688,
      0.842751,
      0.905814,
      0.97461
    ],
    [
      0.4558,
      0.4929,
      0.53,
      0.583,
      0.6201,
      0.6625,
      0.7208,
      0.7791,
      0.8374,
      0.901,
      0.973875,
      1.059576,
      1.145277,
      1.230978,
      1.32447
    ],
    [
      0.43,
      0.465,
      0.5,
      0.55,
      0.585,
      0.625,
      0.68,
      0.735,
      0.79,
      0.85,
      0.91875,
      0.9996,
      1.08045,
      1.1613,
      1.2495
    ],
    [
      0.5375,
      0.58125,
      0.625,
      0.6875,
      0.73125,
      0.78125,
      0.85,
      0.91875,
      0.9875,
      1.0625,
      1.148438,
      1.2495,
      1.350562,
      1.451625,
      1.561875
    ],
    [
      0.4386,
      0.4743,
      0.51,
      0.561,
      0.5967,
      0.6375,
      0.6936,
      0.7497,
      0.8058,
      0.867,
      0.937125,
      1.019592,
      1.102059,
      1.184526,
      1.27449
    ],
    [
      1.24,
      1.333,
      1.426,
      1.55,
      1.643,
      1.736,
      1.86,
      1.984,
      2.108,
      2.232,
      2.36096,
      2.5296,
      2.69824,
      2.86688,
      3.03552
    ],
    [
      0.568288,
      0.614544,
      0.6608,
      0.72688,
      0.773136,
      0.826,
      0.898688,
      0.971376,
      1.044064,
      1.12336,
      1.202656,
      1.281952,
      1.361248,
      1.440544,
      1.51984
    ],
    [
      1.136335,
      1.228828,
      1.32132,
      1.453452,
      1.545944,
      1.65165,
      1.796995,
      1.94234,
      2.087686,
      2.246244,
      2.404802,
      2.563361,
      2.721919,
      2.880478,
      3.039036
    ],
    [
      1.419344,
      1.534872,
      1.6504,
      1.81544,
      1.930968,
      2.063,
      2.244544,
      2.426088,
      2.607632,
      2.80568,
      3.003728,
      3.201776,
      3.399824,
      3.597872,
      3.79592
    ]
  ],
  "skill": [
    [
      0.4192,
      0.45064,
      0.48208,
      0.524,
      0.55544,
      0.58688,
      0.6288,
      0.67072,
      0.71264,
      0.75456,
      0.79648,
      0.8384,
      0.8908,
      0.9432,
      0.9956
    ],
    [
      0.072,
      0.0774,
      0.0828,
      0.09,
      0.0954,
      0.1008,
      0.108,
      0.1152,
      0.1224,
      0.1296,
      0.1368,
      0.144,
      0.153,
      0.162,
      0.171
    ],
    [
      692.8066,
      762.0968627929688,
      837.1613,
      918,
      1004.6128540039062,
      1096.9999,
      1195.1611,
      1299.0965576171875,
      1408.80615234375,
      1524.29,
      1645.548,
      1772.5802,
      1905.3866,
      2043.9672,
      2188.322
    ],
    [
      6,
      6,
      6,
      6,
      6,
      6,
      6,
      6,
      6,
      6,
      6,
      6,
      6,
      6,
      6
    ],
    [
      15,
      15,
      15,
      15,
      15,
      15,
      15,
      15,
      15,
      15,
      15,
      15,
      15,
      15,
      15
    ],
    [
      1.8,
      1.9,
      2,
      2.1,
      2.2,
      2.3,
      2.4,
      2.4,
      2.4,
      2.4,
      2.4,
      2.4,
      2.4,
      2.4,
      2.4
    ]
  ],
  "burst": [
    [
      0.8,
      0.86,
      0.92,
      1,
      1.06,
      1.12,
      1.2,
      1.28,
      1.36,
      1.44,
      1.52,
      1.6,
      1.7,
      1.8,
      1.9
    ],
    [
      0.5264,
      0.56588,
      0.60536,
      0.658,
      0.69748,
      0.73696,
      0.7896,
      0.84224,
      0.89488,
      0.94752,
      1.00016,
      1.0528,
      1.1186,
      1.1844,
      1.2502
    ],
    [
      0.05336,
      0.057362,
      0.061364,
      0.0667,
      0.070702,
      0.074704,
      0.08004,
      0.085376,
      0.090712,
      0.096048,
      0.101384,
      0.10672,
      0.11339,
      0.12006,
      0.12673
    ],
    [
      513.1900634765625,
      564.5162,
      620.1195,
      680,
      744.1576538085938,
      812.5925,
      885.3045654296875,
      962.2937622070312,
      1043.5602,
      1129.103759765625,
      1218.9244,
      1313.0223,
      1411.3974609375,
      1514.0498,
      1620.979248046875
    ],
    [
      20,
      20,
      20,
      20,
      20,
      20,
      20,
      20,
      20,
      20,
      20,
      20,
      20,
      20,
      20
    ],
    [
      80,
      80,
      80,
      80,
      80,
      80,
      80,
      80,
      80,
      80,
      80,
      80,
      80,
      80,
      80
    ],
    [
      12,
      12,
      12,
      12,
      12,
      12,
      12,
      12,
      12,
      12,
      12,
      12,
      12,
      12,
      12
    ]
  ],
  "passive1": [
    [
      0.1
    ],
    [
      -0.1
    ]
  ],
  "passive2": [
    [
      -0.1
    ],
    [
      15
    ]
  ],
  "passive3": [],
  "constellation1": [
    15
  ],
  "constellation2": [
    0.15,
    0.15,
    0.5,
    5
  ],
  "constellation3": [],
  "constellation4": [],
  "constellation5": [],
  "constellation6": [
    0.3,
    200
  ]
}