{
  "setEffects": [
    {
      "numRequired": 2,
      "passiveStats": {
        "crit_dmg_": 0.1600000001490116
      },
      "otherStats": [
        0.1600000001490116,
        1.2000000001862645,
        0.6000000005587935
      ]
    }
  ]
}