{
  "setEffects": [
    {
      "numRequired": 2,
      "passiveStats": {},
      "otherStats": [
        0.0800000000745058
      ]
    },
    {
      "numRequired": 4,
      "passiveStats": {},
      "otherStats": [
        0.5000000004656613,
        0.0800000000745058,
        5
      ]
    }
  ]
}