{
  "2": {
    "hp": {
      "base": 45.158399999840185,
      "add": 15.805440000956878
    },
    "atk": {
      "base": 22.579200000036508,
      "add": 7.902720001293346
    },
    "hp_": {
      "base": 0.027648000279441476,
      "add": 0.009677000343799591
    },
    "atk_": {
      "base": 0.027648000279441476,
      "add": 0.009677000343799591
    },
    "def_": {
      "base": 0.03456000052392483,
      "add": 0.012096000602468848
    },
    "crit_": {
      "base": 0.020736000733450055,
      "add": 0.007258000085130334
    },
    "crit_dmg_": {
      "base": 0.04147200076840818,
      "add": 0.014515000162646174
    },
    "heal_": {
      "base": 0.022118000080808997,
      "add": 0.007741000270470977
    },
    "eff_": {
      "base": 0.027648000279441476,
      "add": 0.009677000343799591
    },
    "spd": {
      "base": 1.6128000009339303,
      "add": 1
    },
    "physical_dmg_": {
      "base": 0.024883000878617167,
      "add": 0.008708999957889318
    },
    "fire_dmg_": {
      "base": 0.024883000878617167,
      "add": 0.008708999957889318
    },
    "ice_dmg_": {
      "base": 0.024883000878617167,
      "add": 0.008708999957889318
    },
    "lightning_dmg_": {
      "base": 0.024883000878617167,
      "add": 0.008708999957889318
    },
    "wind_dmg_": {
      "base": 0.024883000878617167,
      "add": 0.008708999957889318
    },
    "quantum_dmg_": {
      "base": 0.024883000878617167,
      "add": 0.008708999957889318
    },
    "imaginary_dmg_": {
      "base": 0.024883000878617167,
      "add": 0.008708999957889318
    },
    "brEff_": {
      "base": 0.04147200076840818,
      "add": 0.014515000162646174
    },
    "enerRegen_": {
      "base": 0.01244200044311583,
      "add": 0.004355000331997871
    }
  },
  "3": {
    "hp": {
      "base": 67.73760000057518,
      "add": 23.70816000062041
    },
    "atk": {
      "base": 33.868800000753254,
      "add": 11.854080001125112
    },
    "hp_": {
      "base": 0.04147200076840818,
      "add": 0.014515000162646174
    },
    "atk_": {
      "base": 0.04147200076840818,
      "add": 0.014515000162646174
    },
    "def_": {
      "base": 0.05184000078588724,
      "add": 0.018143999855965376
    },
    "crit_": {
      "base": 0.031104000052437186,
      "add": 0.010886001167818904
    },
    "crit_dmg_": {
      "base": 0.06220800010487437,
      "add": 0.02177300094626844
    },
    "heal_": {
      "base": 0.033178000478073955,
      "add": 0.011612000409513712
    },
    "eff_": {
      "base": 0.04147200076840818,
      "add": 0.014515000162646174
    },
    "spd": {
      "base": 2.4191999998874962,
      "add": 1
    },
    "physical_dmg_": {
      "base": 0.037324999924749136,
      "add": 0.01306400028988719
    },
    "fire_dmg_": {
      "base": 0.037324999924749136,
      "add": 0.01306400028988719
    },
    "ice_dmg_": {
      "base": 0.037324999924749136,
      "add": 0.01306400028988719
    },
    "lightning_dmg_": {
      "base": 0.037324999924749136,
      "add": 0.01306400028988719
    },
    "wind_dmg_": {
      "base": 0.037324999924749136,
      "add": 0.01306400028988719
    },
    "quantum_dmg_": {
      "base": 0.037324999924749136,
      "add": 0.01306400028988719
    },
    "imaginary_dmg_": {
      "base": 0.037324999924749136,
      "add": 0.01306400028988719
    },
    "brEff_": {
      "base": 0.06220800010487437,
      "add": 0.02177300094626844
    },
    "enerRegen_": {
      "base": 0.018662000307813287,
      "add": 0.006532000144943595
    }
  },
  "4": {
    "hp": {
      "base": 90.31680000037886,
      "add": 31.610880001680925
    },
    "atk": {
      "base": 45.158399999840185,
      "add": 15.805440000956878
    },
    "hp_": {
      "base": 0.05529600055888295,
      "add": 0.01935399998910725
    },
    "atk_": {
      "base": 0.05529600055888295,
      "add": 0.01935399998910725
    },
    "def_": {
      "base": 0.0691199996508658,
      "add": 0.024192000506445765
    },
    "crit_": {
      "base": 0.04147200076840818,
      "add": 0.014515000162646174
    },
    "crit_dmg_": {
      "base": 0.08294400083832443,
      "add": 0.029029999626800418
    },
    "heal_": {
      "base": 0.04423700016923249,
      "add": 0.015483000548556447
    },
    "eff_": {
      "base": 0.05529600055888295,
      "add": 0.01935399998910725
    },
    "spd": {
      "base": 3.225600000238046,
      "add": 1.1000000000931323
    },
    "physical_dmg_": {
      "base": 0.04976600036025047,
      "add": 0.017417999915778637
    },
    "fire_dmg_": {
      "base": 0.04976600036025047,
      "add": 0.017417999915778637
    },
    "ice_dmg_": {
      "base": 0.04976600036025047,
      "add": 0.017417999915778637
    },
    "lightning_dmg_": {
      "base": 0.04976600036025047,
      "add": 0.017417999915778637
    },
    "wind_dmg_": {
      "base": 0.04976600036025047,
      "add": 0.017417999915778637
    },
    "quantum_dmg_": {
      "base": 0.04976600036025047,
      "add": 0.017417999915778637
    },
    "imaginary_dmg_": {
      "base": 0.04976600036025047,
      "add": 0.017417999915778637
    },
    "brEff_": {
      "base": 0.08294400083832443,
      "add": 0.029029999626800418
    },
    "enerRegen_": {
      "base": 0.024883000878617167,
      "add": 0.008708999957889318
    }
  },
  "5": {
    "hp": {
      "base": 112.89600000041537,
      "add": 39.513600000645965
    },
    "atk": {
      "base": 56.44799999985844,
      "add": 19.756800000788644
    },
    "hp_": {
      "base": 0.0691199996508658,
      "add": 0.024192000506445765
    },
    "atk_": {
      "base": 0.0691199996508658,
      "add": 0.024192000506445765
    },
    "def_": {
      "base": 0.08639999991282821,
      "add": 0.030240000458434224
    },
    "crit_": {
      "base": 0.05184000078588724,
      "add": 0.018143999855965376
    },
    "crit_dmg_": {
      "base": 0.10368000087328255,
      "add": 0.03628800041042268
    },
    "heal_": {
      "base": 0.05529600055888295,
      "add": 0.01935399998910725
    },
    "eff_": {
      "base": 0.0691199996508658,
      "add": 0.024192000506445765
    },
    "spd": {
      "base": 4.031999999890104,
      "add": 1.400000000372529
    },
    "physical_dmg_": {
      "base": 0.06220800010487437,
      "add": 0.02177300094626844
    },
    "fire_dmg_": {
      "base": 0.06220800010487437,
      "add": 0.02177300094626844
    },
    "ice_dmg_": {
      "base": 0.06220800010487437,
      "add": 0.02177300094626844
    },
    "lightning_dmg_": {
      "base": 0.06220800010487437,
      "add": 0.02177300094626844
    },
    "wind_dmg_": {
      "base": 0.06220800010487437,
      "add": 0.02177300094626844
    },
    "quantum_dmg_": {
      "base": 0.06220800010487437,
      "add": 0.02177300094626844
    },
    "imaginary_dmg_": {
      "base": 0.06220800010487437,
      "add": 0.02177300094626844
    },
    "brEff_": {
      "base": 0.10368000087328255,
      "add": 0.03628800041042268
    },
    "enerRegen_": {
      "base": 0.031104000052437186,
      "add": 0.010886001167818904
    }
  }
}