{
  "setEffects": [
    {
      "numRequired": 2,
      "passiveStats": {
        "undefined": 0.060000000055879354
      },
      "otherStats": [
        0.060000000055879354
      ]
    },
    {
      "numRequired": 4,
      "passiveStats": {},
      "otherStats": [
        0.12000000011175871,
        1
      ]
    }
  ]
}