{
  "setEffects": [
    {
      "numRequired": 2,
      "passiveStats": {
        "crit_": 0.0800000000745058
      },
      "otherStats": [
        0.0800000000745058,
        0.7000000006519258,
        0.20000000018626451
      ]
    }
  ]
}