{
  "setEffects": [
    {
      "numRequired": 2,
      "passiveStats": {},
      "otherStats": [
        0.20000000018626451
      ]
    },
    {
      "numRequired": 4,
      "passiveStats": {},
      "otherStats": [
        0.060000000055879354,
        8,
        3
      ]
    }
  ]
}