{
  "setEffects": [
    {
      "numRequired": 2,
      "passiveStats": {
        "imaginary_dmg_": 0.10000000009313226
      },
      "otherStats": [
        0.10000000009313226
      ]
    },
    {
      "numRequired": 4,
      "passiveStats": {},
      "otherStats": [
        0.10000000009313226,
        0.20000000018626451
      ]
    }
  ]
}