{
  "auto": [
    [
      0.469758,
      0.507994,
      0.54623,
      0.600853,
      0.639089,
      0.682787,
      0.742873,
      0.802958,
      0.863043,
      0.928591,
      0.994139,
      1.059686,
      1.125234,
      1.190781,
      1.256329
    ],
    [
      0.427644,
      0.462452,
      0.49726,
      0.546986,
      0.581794,
      0.621575,
      0.676274,
      0.730972,
      0.785671,
      0.845342,
      0.905013,
      0.964684,
      1.024356,
      1.084027,
      1.143698
    ],
    [
      0.643882,
      0.696291,
      0.7487,
      0.82357,
      0.875979,
      0.935875,
      1.018232,
      1.100589,
      1.182946,
      1.27279,
      1.362634,
      1.452478,
      1.542322,
      1.632166,
      1.72201
    ],
    [
      1.00276,
      1.08438,
      1.166,
      1.2826,
      1.36422,
      1.4575,
      1.58576,
      1.71402,
      1.84228,
      1.9822,
      2.12212,
      2.26204,
      2.40196,
      2.54188,
      2.6818
    ],
    [
      0.84194,
      0.91047,
      0.979,
      1.0769,
      1.14543,
      1.22375,
      1.33144,
      1.43913,
      1.54682,
      1.6643,
      1.78178,
      1.89926,
      2.01674,
      2.13422,
      2.2517
    ],
    [
      25,
      25,
      25,
      25,
      25,
      25,
      25,
      25,
      25,
      25,
      25,
      25,
      25,
      25,
      25
    ],
    [
      0.639324,
      0.691362,
      0.7434,
      0.81774,
      0.869778,
      0.92925,
      1.011024,
      1.092798,
      1.174572,
      1.26378,
      1.352988,
      1.442196,
      1.531404,
      1.620612,
      1.70982
    ],
    [
      1.278377,
      1.382431,
      1.486485,
      1.635134,
      1.739187,
      1.858106,
      2.02162,
      2.185133,
      2.348646,
      2.527025,
      2.705403,
      2.883781,
      3.062159,
      3.240537,
      3.418915
    ],
    [
      1.596762,
      1.726731,
      1.8567,
      2.04237,
      2.172339,
      2.320875,
      2.525112,
      2.729349,
      2.933586,
      3.15639,
      3.379194,
      3.601998,
      3.824802,
      4.047606,
      4.27041
    ]
  ],
  "skill": [
    [
      2.864,
      3.0788,
      3.2936,
      3.58,
      3.7948,
      4.0096,
      4.296,
      4.5824,
      4.8688,
      5.1552,
      5.4416,
      5.728,
      6.086,
      6.444,
      6.802
    ],
    [
      54,
      54,
      54,
      54,
      54,
      54,
      54,
      54,
      54,
      54,
      54,
      54,
      54,
      54,
      54
    ],
    [
      16,
      16,
      16,
      16,
      16,
      16,
      16,
      16,
      16,
      16,
      16,
      16,
      16,
      16,
      16
    ]
  ],
  "burst": [
    [
      4.304,
      4.6268,
      4.9496,
      5.38,
      5.7028,
      6.0256,
      6.456,
      6.8864,
      7.3168,
      7.7472,
      8.1776,
      8.608,
      9.146,
      9.684,
      10.222
    ],
    [
      0.27,
      0.27,
      0.27,
      0.27,
      0.27,
      0.27,
      0.27,
      0.27,
      0.27,
      0.27,
      0.27,
      0.27,
      0.27,
      0.27,
      0.27
    ],
    [
      0.005,
      0.005,
      0.005,
      0.005,
      0.005,
      0.005,
      0.005,
      0.005,
      0.005,
      0.005,
      0.005,
      0.005,
      0.005,
      0.005,
      0.005
    ],
    [
      330,
      370,
      410,
      450,
      490,
      530,
      570,
      610,
      650,
      690,
      730,
      770,
      810,
      850,
      890
    ],
    [
      1,
      1,
      1,
      1,
      1,
      1,
      1,
      1,
      1,
      1,
      1,
      1,
      1,
      1,
      1
    ],
    [
      12,
      12,
      12,
      12,
      12,
      12,
      12,
      12,
      12,
      12,
      12,
      12,
      12,
      12,
      12
    ],
    [
      18,
      18,
      18,
      18,
      18,
      18,
      18,
      18,
      18,
      18,
      18,
      18,
      18,
      18,
      18
    ],
    [
      70,
      70,
      70,
      70,
      70,
      70,
      70,
      70,
      70,
      70,
      70,
      70,
      70,
      70,
      70
    ]
  ],
  "passive1": [
    [
      0.2
    ],
    [
      1
    ],
    [
      15
    ],
    [
      3
    ],
    [
      2.8
    ]
  ],
  "passive2": [
    [
      10
    ],
    [
      0.6
    ],
    [
      2.8
    ]
  ],
  "passive3": [],
  "passive": [
    [
      0.5
    ],
    [
      10
    ],
    [
      10
    ]
  ],
  "constellation1": [
    6,
    15,
    18
  ],
  "constellation2": [
    0.3
  ],
  "constellation3": [],
  "constellation4": [
    4,
    0.5
  ],
  "constellation5": [],
  "constellation6": [
    3,
    3,
    0.25
  ],
  "upgradeableSkills": []
}