{
  "auto": [
    [
      0.456505,
      0.493663,
      0.53082,
      0.583902,
      0.621059,
      0.663525,
      0.721915,
      0.780305,
      0.838696,
      0.902394,
      0.966092,
      1.029791,
      1.093489,
      1.157188,
      1.220886
    ],
    [
      0.410048,
      0.443424,
      0.4768,
      0.52448,
      0.557856,
      0.596,
      0.648448,
      0.700896,
      0.753344,
      0.81056,
      0.867776,
      0.924992,
      0.982208,
      1.039424,
      1.09664
    ],
    [
      0.291617,
      0.315354,
      0.33909,
      0.372999,
      0.396735,
      0.423863,
      0.461162,
      0.498462,
      0.535762,
      0.576453,
      0.617144,
      0.657835,
      0.698525,
      0.739216,
      0.779907
    ],
    [
      0.291617,
      0.315354,
      0.33909,
      0.372999,
      0.396735,
      0.423863,
      0.461162,
      0.498462,
      0.535762,
      0.576453,
      0.617144,
      0.657835,
      0.698525,
      0.739216,
      0.779907
    ],
    [
      0.711521,
      0.769436,
      0.82735,
      0.910085,
      0.968,
      1.034188,
      1.125196,
      1.216205,
      1.307213,
      1.406495,
      1.505777,
      1.605059,
      1.704341,
      1.803623,
      1.902905
    ],
    [
      1.13434,
      1.22667,
      1.319,
      1.4509,
      1.54323,
      1.64875,
      1.79384,
      1.93893,
      2.08402,
      2.2423,
      2.40058,
      2.55886,
      2.71714,
      2.87542,
      3.0337
    ],
    [
      20,
      20,
      20,
      20,
      20,
      20,
      20,
      20,
      20,
      20,
      20,
      20,
      20,
      20,
      20
    ],
    [
      0.639324,
      0.691362,
      0.7434,
      0.81774,
      0.869778,
      0.92925,
      1.011024,
      1.092798,
      1.174572,
      1.26378,
      1.352988,
      1.442196,
      1.531404,
      1.620612,
      1.70982
    ],
    [
      1.278377,
      1.382431,
      1.486485,
      1.635134,
      1.739187,
      1.858106,
      2.02162,
      2.185133,
      2.348646,
      2.527025,
      2.705403,
      2.883781,
      3.062159,
      3.240537,
      3.418915
    ],
    [
      1.596762,
      1.726731,
      1.8567,
      2.04237,
      2.172339,
      2.320875,
      2.525112,
      2.729349,
      2.933586,
      3.15639,
      3.379194,
      3.601998,
      3.824802,
      4.047606,
      4.27041
    ]
  ],
  "skill": [
    [
      1.056,
      1.1352,
      1.2144,
      1.32,
      1.3992,
      1.4784,
      1.584,
      1.6896,
      1.7952,
      1.9008,
      2.0064,
      2.112,
      2.244,
      2.376,
      2.508
    ],
    [
      0.7224,
      0.77658,
      0.83076,
      0.903,
      0.95718,
      1.01136,
      1.0836,
      1.15584,
      1.22808,
      1.30032,
      1.37256,
      1.4448,
      1.5351,
      1.6254,
      1.7157
    ],
    [
      0.532,
      0.5719,
      0.6118,
      0.665,
      0.7049,
      0.7448,
      0.798,
      0.8512,
      0.9044,
      0.9576,
      1.0108,
      1.064,
      1.1305,
      1.197,
      1.2635
    ],
    [
      0.6464,
      0.69488,
      0.74336,
      0.808,
      0.85648,
      0.90496,
      0.9696,
      1.03424,
      1.09888,
      1.16352,
      1.22816,
      1.2928,
      1.3736,
      1.4544,
      1.5352
    ],
    [
      6,
      9,
      12,
      15,
      18,
      21,
      24,
      27,
      30,
      33,
      36,
      39,
      42,
      45,
      48
    ],
    [
      12,
      12,
      12,
      12,
      12,
      12,
      12,
      12,
      12,
      12,
      12,
      12,
      12,
      12,
      12
    ]
  ],
  "burst": [
    [
      1.1896,
      1.27882,
      1.36804,
      1.487,
      1.57622,
      1.66544,
      1.7844,
      1.90336,
      2.02232,
      2.14128,
      2.26024,
      2.3792,
      2.5279,
      2.6766,
      2.8253
    ],
    [
      0.964,
      1.0363,
      1.1086,
      1.205,
      1.2773,
      1.3496,
      1.446,
      1.5424,
      1.6388,
      1.7352,
      1.8316,
      1.928,
      2.0485,
      2.169,
      2.2895
    ],
    [
      1.1184,
      1.20228,
      1.28616,
      1.398,
      1.48188,
      1.56576,
      1.6776,
      1.78944,
      1.90128,
      2.01312,
      2.12496,
      2.2368,
      2.3766,
      2.5164,
      2.6562
    ],
    [
      1.2544,
      1.34848,
      1.44256,
      1.568,
      1.66208,
      1.75616,
      1.8816,
      2.00704,
      2.13248,
      2.25792,
      2.38336,
      2.5088,
      2.6656,
      2.8224,
      2.9792
    ],
    [
      1.0176,
      1.09392,
      1.17024,
      1.272,
      1.34832,
      1.42464,
      1.5264,
      1.62816,
      1.72992,
      1.83168,
      1.93344,
      2.0352,
      2.1624,
      2.2896,
      2.4168
    ],
    [
      1.1184,
      1.20228,
      1.28616,
      1.398,
      1.48188,
      1.56576,
      1.6776,
      1.78944,
      1.90128,
      2.01312,
      2.12496,
      2.2368,
      2.3766,
      2.5164,
      2.6562
    ],
    [
      0.9464,
      1.01738,
      1.08836,
      1.183,
      1.25398,
      1.32496,
      1.4196,
      1.51424,
      1.60888,
      1.70352,
      1.79816,
      1.8928,
      2.0111,
      2.1294,
      2.2477
    ],
    [
      1.2984,
      1.39578,
      1.49316,
      1.623,
      1.72038,
      1.81776,
      1.9476,
      2.07744,
      2.20728,
      2.33712,
      2.46696,
      2.5968,
      2.7591,
      2.9214,
      3.0837
    ],
    [
      20,
      20,
      20,
      20,
      20,
      20,
      20,
      20,
      20,
      20,
      20,
      20,
      20,
      20,
      20
    ],
    [
      20,
      20,
      20,
      20,
      20,
      20,
      20,
      20,
      20,
      20,
      20,
      20,
      20,
      20,
      20
    ],
    [
      18,
      18,
      18,
      18,
      18,
      18,
      18,
      18,
      18,
      18,
      18,
      18,
      18,
      18,
      18
    ],
    [
      70,
      70,
      70,
      70,
      70,
      70,
      70,
      70,
      70,
      70,
      70,
      70,
      70,
      70,
      70
    ]
  ],
  "passive1": [
    [
      0.2
    ],
    [
      6
    ],
    [
      0.4
    ],
    [
      0.4
    ]
  ],
  "passive2": [
    [
      0.03
    ],
    [
      0.75
    ],
    [
      10
    ]
  ],
  "passive3": [],
  "lockedPassive": [
    [
      0.75
    ]
  ],
  "constellation1": [
    20,
    20,
    1,
    0.6,
    2,
    1.5
  ],
  "constellation2": [
    20,
    6,
    0.5
  ],
  "constellation3": [],
  "constellation4": [
    20,
    0.3,
    0.4
  ],
  "constellation5": [],
  "constellation6": [
    0.3,
    0.3,
    6,
    0.4
  ],
  "upgradeableSkills": []
}