{
  "auto": [
    [
      0.37754,
      0.40827,
      0.439,
      0.4829,
      0.51363,
      0.54875,
      0.59704,
      0.64533,
      0.69362,
      0.7463,
      0.79898,
      0.85166,
      0.90434,
      0.95702,
      1.0097
    ],
    [
      0.37152,
      0.40176,
      0.432,
      0.4752,
      0.50544,
      0.54,
      0.58752,
      0.63504,
      0.68256,
      0.7344,
      0.78624,
      0.83808,
      0.88992,
      0.94176,
      0.9936
    ],
    [
      0.4945,
      0.53475,
      0.575,
      0.6325,
      0.67275,
      0.71875,
      0.782,
      0.84525,
      0.9085,
      0.9775,
      1.0465,
      1.1155,
      1.1845,
      1.2535,
      1.3225
    ],
    [
      0.58996,
      0.63798,
      0.686,
      0.7546,
      0.80262,
      0.8575,
      0.93296,
      1.00842,
      1.08388,
      1.1662,
      1.24852,
      1.33084,
      1.41316,
      1.49548,
      1.5778
    ],
    [
      0.4386,
      0.4743,
      0.51,
      0.561,
      0.5967,
      0.6375,
      0.6936,
      0.7497,
      0.8058,
      0.867,
      0.9282,
      0.9894,
      1.0506,
      1.1118,
      1.173
    ],
    [
      1.24,
      1.333,
      1.426,
      1.55,
      1.643,
      1.736,
      1.86,
      1.984,
      2.108,
      2.232,
      2.356,
      2.48,
      2.635,
      2.79,
      2.945
    ],
    [
      0.568288,
      0.614544,
      0.6608,
      0.72688,
      0.773136,
      0.826,
      0.898688,
      0.971376,
      1.044064,
      1.12336,
      1.202656,
      1.281952,
      1.361248,
      1.440544,
      1.51984
    ],
    [
      1.136335,
      1.228828,
      1.32132,
      1.453452,
      1.545944,
      1.65165,
      1.796995,
      1.94234,
      2.087686,
      2.246244,
      2.404802,
      2.563361,
      2.721919,
      2.880478,
      3.039036
    ],
    [
      1.419344,
      1.534872,
      1.6504,
      1.81544,
      1.930968,
      2.063,
      2.244544,
      2.426088,
      2.607632,
      2.80568,
      3.003728,
      3.201776,
      3.399824,
      3.597872,
      3.79592
    ]
  ],
  "skill": [
    [
      1.072,
      1.1524,
      1.2328,
      1.34,
      1.4204,
      1.5008,
      1.608,
      1.7152,
      1.8224,
      1.9296,
      2.0368,
      2.144,
      2.278,
      2.412,
      2.546
    ],
    [
      206.16,
      221.622,
      237.084,
      257.7,
      273.162,
      288.624,
      309.24,
      329.856,
      350.472,
      371.088,
      391.704,
      412.32,
      438.09,
      463.86,
      489.63
    ],
    [
      0.15,
      0.15,
      0.15,
      0.15,
      0.15,
      0.15,
      0.15,
      0.15,
      0.15,
      0.15,
      0.15,
      0.15,
      0.15,
      0.15,
      0.15
    ],
    [
      10,
      10,
      10,
      10,
      10,
      10,
      10,
      10,
      10,
      10,
      10,
      10,
      10,
      10,
      10
    ],
    [
      10,
      10,
      10,
      10,
      10,
      10,
      10,
      10,
      10,
      10,
      10,
      10,
      10,
      10,
      10
    ]
  ],
  "burst": [
    [
      0.98216,
      1.055822,
      1.129484,
      1.2277,
      1.301362,
      1.375024,
      1.47324,
      1.571456,
      1.669672,
      1.767888,
      1.866104,
      1.96432,
      2.08709,
      2.20986,
      2.33263
    ],
    [
      0.613,
      0.658975,
      0.70495,
      0.76625,
      0.812225,
      0.8582,
      0.9195,
      0.9808,
      1.0421,
      1.1034,
      1.1647,
      1.226,
      1.302625,
      1.37925,
      1.455875
    ],
    [
      9,
      9,
      9,
      9,
      9,
      9,
      9,
      9,
      9,
      9,
      9,
      9,
      9,
      9,
      9
    ],
    [
      20,
      20,
      20,
      20,
      20,
      20,
      20,
      20,
      20,
      20,
      20,
      20,
      20,
      20,
      20
    ],
    [
      80,
      80,
      80,
      80,
      80,
      80,
      80,
      80,
      80,
      80,
      80,
      80,
      80,
      80,
      80
    ]
  ],
  "passive1": [
    [
      0.25
    ],
    [
      12
    ]
  ],
  "passive2": [
    [
      1.56
    ],
    [
      0.156
    ]
  ],
  "passive3": [],
  "constellation1": [
    -2,
    10
  ],
  "constellation2": [],
  "constellation3": [],
  "constellation4": [
    0.5
  ],
  "constellation5": [],
  "constellation6": [
    0.1,
    0.2,
    0.4,
    12
  ]
}