{
  "auto": [
    [
      0.9592,
      1.0246,
      1.09,
      1.1772,
      1.2426,
      1.3189,
      1.417,
      1.5151,
      1.6132,
      1.7113,
      1.8094,
      1.9075,
      2.0056,
      2.1037,
      2.2018
    ],
    [
      0.82632,
      0.88266,
      0.939,
      1.01412,
      1.07046,
      1.13619,
      1.2207,
      1.30521,
      1.38972,
      1.47423,
      1.55874,
      1.64325,
      1.72776,
      1.81227,
      1.89678
    ],
    [
      1.03312,
      1.10356,
      1.174,
      1.26792,
      1.33836,
      1.42054,
      1.5262,
      1.63186,
      1.73752,
      1.84318,
      1.94884,
      2.0545,
      2.16016,
      2.26582,
      2.37148
    ],
    [
      1.36048,
      1.45324,
      1.546,
      1.66968,
      1.76244,
      1.87066,
      2.0098,
      2.14894,
      2.28808,
      2.42722,
      2.56636,
      2.7055,
      2.84464,
      2.98378,
      3.12292
    ],
    [
      0.625392,
      0.676296,
      0.7272,
      0.79992,
      0.850824,
      0.909,
      0.988992,
      1.068984,
      1.148976,
      1.23624,
      1.323504,
      1.410768,
      1.498032,
      1.585296,
      1.67256
    ],
    [
      1.1309,
      1.22295,
      1.315,
      1.4465,
      1.53855,
      1.64375,
      1.7884,
      1.93305,
      2.0777,
      2.2355,
      2.3933,
      2.5511,
      2.7089,
      2.8667,
      3.0245
    ],
    [
      40,
      40,
      40,
      40,
      40,
      40,
      40,
      40,
      40,
      40,
      40,
      40,
      40,
      40,
      40
    ],
    [
      5,
      5,
      5,
      5,
      5,
      5,
      5,
      5,
      5,
      5,
      5,
      5,
      5,
      5,
      5
    ],
    [
      0.820466,
      0.887248,
      0.95403,
      1.049433,
      1.116215,
      1.192538,
      1.297481,
      1.402424,
      1.507367,
      1.621851,
      1.736335,
      1.850818,
      1.965302,
      2.079785,
      2.194269
    ],
    [
      1.640584,
      1.77412,
      1.907656,
      2.098421,
      2.231957,
      2.38457,
      2.594412,
      2.804254,
      3.014096,
      3.243015,
      3.471933,
      3.700852,
      3.929771,
      4.15869,
      4.387608
    ],
    [
      2.049178,
      2.215971,
      2.382765,
      2.621042,
      2.787835,
      2.978456,
      3.24056,
      3.502665,
      3.764769,
      4.050701,
      4.336632,
      4.622564,
      4.908496,
      5.194428,
      5.48036
    ]
  ],
  "skill": [
    [
      1.992,
      2.1414,
      2.2908,
      2.49,
      2.6394,
      2.7888,
      2.988,
      3.1872,
      3.3864,
      3.5856,
      3.7848,
      3.984,
      4.233,
      4.482,
      4.731
    ],
    [
      2.952,
      3.1734,
      3.3948,
      3.69,
      3.9114,
      4.1328,
      4.428,
      4.7232,
      5.0184,
      5.3136,
      5.6088,
      5.904,
      6.273,
      6.642,
      7.011
    ],
    [
      0.2,
      0.2,
      0.2,
      0.2,
      0.2,
      0.2,
      0.2,
      0.2,
      0.2,
      0.2,
      0.2,
      0.2,
      0.2,
      0.2,
      0.2
    ],
    [
      5,
      5,
      5,
      5,
      5,
      5,
      5,
      5,
      5,
      5,
      5,
      5,
      5,
      5,
      5
    ],
    [
      18,
      18,
      18,
      18,
      18,
      18,
      18,
      18,
      18,
      18,
      18,
      18,
      18,
      18,
      18
    ],
    [
      6,
      6,
      6,
      6,
      6,
      6,
      6,
      6,
      6,
      6,
      6,
      6,
      6,
      6,
      6
    ],
    [
      10,
      10,
      10,
      10,
      10,
      10,
      10,
      10,
      10,
      10,
      10,
      10,
      10,
      10,
      10
    ]
  ],
  "burst": [
    [
      1.6,
      1.72,
      1.84,
      2,
      2.12,
      2.24,
      2.4,
      2.56,
      2.72,
      2.88,
      3.04,
      3.2,
      3.4,
      3.6,
      3.8
    ],
    [
      0.24,
      0.258,
      0.276,
      0.3,
      0.318,
      0.336,
      0.36,
      0.384,
      0.408,
      0.432,
      0.456,
      0.48,
      0.51,
      0.54,
      0.57
    ],
    [
      0.26,
      0.28,
      0.3,
      0.32,
      0.34,
      0.36,
      0.37,
      0.38,
      0.39,
      0.4,
      0.4,
      0.4,
      0.4,
      0.4,
      0.4
    ],
    [
      0.8,
      0.8,
      0.8,
      0.8,
      0.8,
      0.8,
      0.8,
      0.8,
      0.8,
      0.8,
      0.8,
      0.8,
      0.8,
      0.8,
      0.8
    ],
    [
      15,
      15,
      15,
      15,
      15,
      15,
      15,
      15,
      15,
      15,
      15,
      15,
      15,
      15,
      15
    ],
    [
      20,
      20,
      20,
      20,
      20,
      20,
      20,
      20,
      20,
      20,
      20,
      20,
      20,
      20,
      20
    ],
    [
      80,
      80,
      80,
      80,
      80,
      80,
      80,
      80,
      80,
      80,
      80,
      80,
      80,
      80,
      80
    ]
  ],
  "passive1": [],
  "passive2": [],
  "passive3": [],
  "constellation1": [],
  "constellation2": [],
  "constellation3": [],
  "constellation4": [],
  "constellation5": [],
  "constellation6": []
}