{
  "auto": [
    [
      0.517918, 0.560074, 0.60223, 0.662453, 0.704609, 0.752788, 0.819033,
      0.885278, 0.951523, 1.023791, 1.096059, 1.168326, 1.240594, 1.312861,
      1.385129
    ],
    [
      0.273738, 0.296019, 0.3183, 0.35013, 0.372411, 0.397875, 0.432888,
      0.467901, 0.502914, 0.54111, 0.579306, 0.617502, 0.655698, 0.693894,
      0.73209
    ],
    [
      0.273738, 0.296019, 0.3183, 0.35013, 0.372411, 0.397875, 0.432888,
      0.467901, 0.502914, 0.54111, 0.579306, 0.617502, 0.655698, 0.693894,
      0.73209
    ],
    [
      0.729495, 0.788872, 0.84825, 0.933075, 0.992452, 1.060312, 1.15362,
      1.246927, 1.340235, 1.442025, 1.543815, 1.645605, 1.747395, 1.849185,
      1.950975
    ],
    [
      0.91332, 0.98766, 1.062, 1.1682, 1.24254, 1.3275, 1.44432, 1.56114,
      1.67796, 1.8054, 1.93284, 2.06028, 2.18772, 2.31516, 2.4426
    ],
    [20, 20, 20, 20, 20, 20, 20, 20, 20, 20, 20, 20, 20, 20, 20],
    [
      0.639324, 0.691362, 0.7434, 0.81774, 0.869778, 0.92925, 1.011024,
      1.092798, 1.174572, 1.26378, 1.352988, 1.442196, 1.531404, 1.620612,
      1.70982
    ],
    [
      1.278377, 1.382431, 1.486485, 1.635134, 1.739187, 1.858106, 2.02162,
      2.185133, 2.348646, 2.527025, 2.705403, 2.883781, 3.062159, 3.240537,
      3.418915
    ],
    [
      1.596762, 1.726731, 1.8567, 2.04237, 2.172339, 2.320875, 2.525112,
      2.729349, 2.933586, 3.15639, 3.379194, 3.601998, 3.824802, 4.047606,
      4.27041
    ],
    [
      0.560221, 0.605821, 0.65142, 0.716562, 0.762161, 0.814275, 0.885931,
      0.957587, 1.029244, 1.107414, 1.185584, 1.263755, 1.341925, 1.420096,
      1.498266
    ],
    [
      0.550477, 0.595284, 0.64009, 0.704099, 0.748905, 0.800113, 0.870522,
      0.940932, 1.011342, 1.088153, 1.164964, 1.241775, 1.318585, 1.395396,
      1.472207
    ],
    [
      0.658158, 0.711729, 0.7653, 0.84183, 0.895401, 0.956625, 1.040808,
      1.124991, 1.209174, 1.30101, 1.392846, 1.484682, 1.576518, 1.668354,
      1.76019
    ],
    [
      0.860275, 0.930298, 1.00032, 1.100352, 1.170374, 1.2504, 1.360435,
      1.47047, 1.580506, 1.700544, 1.820582, 1.940621, 2.060659, 2.180698,
      2.300736
    ]
  ],
  "skill": [
    [
      1.792, 1.9264, 2.0608, 2.24, 2.3744, 2.5088, 2.688, 2.8672, 3.0464,
      3.2256, 3.4048, 3.584, 3.808, 4.032, 4.256
    ],
    [
      0.09, 0.12, 0.15, 0.18, 0.21, 0.24, 0.27, 0.3, 0.33, 0.36, 0.39, 0.42,
      0.45, 0.48, 0.51
    ],
    [15, 15, 15, 15, 15, 15, 15, 15, 15, 15, 15, 15, 15, 15, 15],
    [9, 9, 9, 9, 9, 9, 9, 9, 9, 9, 9, 9, 9, 9, 9],
    [90, 90, 90, 90, 90, 90, 90, 90, 90, 90, 90, 90, 90, 90, 90],
    [7, 7, 7, 7, 7, 7, 7, 7, 7, 7, 7, 7, 7, 7, 7]
  ],
  "burst": [
    [
      2.8128, 3.02376, 3.23472, 3.516, 3.72696, 3.93792, 4.2192, 4.50048,
      4.78176, 5.06304, 5.34432, 5.6256, 5.9772, 6.3288, 6.6804
    ],
    [
      1.04, 1.118, 1.196, 1.3, 1.378, 1.456, 1.56, 1.664, 1.768, 1.872, 1.976,
      2.08, 2.21, 2.34, 2.47
    ],
    [
      500.73764, 550.81836, 605.0725, 663.5, 726.1009, 792.8752, 863.8229,
      938.944, 1018.23846, 1101.7063, 1189.3477, 1281.1622, 1377.1503,
      1477.3118, 1581.6466
    ],
    [12, 12, 12, 12, 12, 12, 12, 12, 12, 12, 12, 12, 12, 12, 12],
    [
      2.8128, 3.02376, 3.23472, 3.516, 3.72696, 3.93792, 4.2192, 4.50048,
      4.78176, 5.06304, 5.34432, 5.6256, 5.9772, 6.3288, 6.6804
    ],
    [15, 15, 15, 15, 15, 15, 15, 15, 15, 15, 15, 15, 15, 15, 15],
    [60, 60, 60, 60, 60, 60, 60, 60, 60, 60, 60, 60, 60, 60, 60]
  ],
  "passive1": [[35], [0.3]],
  "passive2": [[14], [0.2], [15]],
  "passive3": [],
  "passive": [[15]],
  "constellation1": [0.3],
  "constellation2": [0.45, 0.45, 0.6, 0.5, 25, 6],
  "constellation3": [],
  "constellation4": [0.65, 6, 15],
  "constellation5": [],
  "constellation6": [5, 3, 15, 1.2]
}
