{
  "auto": [
    [
      0.2112,
      0.2256,
      0.24,
      0.2592,
      0.2736,
      0.2904,
      0.312,
      0.3336,
      0.3552,
      0.3768,
      0.3984,
      0.42,
      0.4416,
      0.4632,
      0.4848
    ],
    [
      0.2376,
      0.2538,
      0.27,
      0.2916,
      0.3078,
      0.3267,
      0.351,
      0.3753,
      0.3996,
      0.4239,
      0.4482,
      0.4725,
      0.4968,
      0.5211,
      0.5454
    ],
    [
      0.4312,
      0.4606,
      0.49,
      0.5292,
      0.5586,
      0.5929,
      0.637,
      0.6811,
      0.7252,
      0.7693,
      0.8134,
      0.8575,
      0.9016,
      0.9457,
      0.9898
    ],
    [
      0.528,
      0.564,
      0.6,
      0.648,
      0.684,
      0.726,
      0.78,
      0.834,
      0.888,
      0.942,
      0.996,
      1.05,
      1.104,
      1.158,
      1.212
    ],
    [
      0.65648,
      0.70124,
      0.746,
      0.80568,
      0.85044,
      0.90266,
      0.9698,
      1.03694,
      1.10408,
      1.17122,
      1.23836,
      1.3055,
      1.37264,
      1.43978,
      1.50692
    ],
    [
      0.4386,
      0.4743,
      0.51,
      0.561,
      0.5967,
      0.6375,
      0.6936,
      0.7497,
      0.8058,
      0.867,
      0.9282,
      0.9894,
      1.0506,
      1.1118,
      1.173
    ],
    [
      1.24,
      1.333,
      1.426,
      1.55,
      1.643,
      1.736,
      1.86,
      1.984,
      2.108,
      2.232,
      2.356,
      2.48,
      2.635,
      2.79,
      2.945
    ],
    [
      0.568288,
      0.614544,
      0.6608,
      0.72688,
      0.773136,
      0.826,
      0.898688,
      0.971376,
      1.044064,
      1.12336,
      1.202656,
      1.281952,
      1.361248,
      1.440544,
      1.51984
    ],
    [
      1.136335,
      1.228828,
      1.32132,
      1.453452,
      1.545944,
      1.65165,
      1.796995,
      1.94234,
      2.087686,
      2.246244,
      2.404802,
      2.563361,
      2.721919,
      2.880478,
      3.039036
    ],
    [
      1.419344,
      1.534872,
      1.6504,
      1.81544,
      1.930968,
      2.063,
      2.244544,
      2.426088,
      2.607632,
      2.80568,
      3.003728,
      3.201776,
      3.399824,
      3.597872,
      3.79592
    ]
  ],
  "skill": [
    [
      1.776,
      1.9092,
      2.0424,
      2.22,
      2.3532,
      2.4864,
      2.664,
      2.8416,
      3.0192,
      3.1968,
      3.3744,
      3.552,
      3.774,
      3.996,
      4.218
    ],
    [
      0.4,
      0.43,
      0.46,
      0.5,
      0.53,
      0.56,
      0.6,
      0.64,
      0.68,
      0.72,
      0.76,
      0.8,
      0.85,
      0.9,
      0.95
    ],
    [
      0.12,
      0.12,
      0.12,
      0.13,
      0.13,
      0.13,
      0.14,
      0.14,
      0.14,
      0.15,
      0.15,
      0.15,
      0.15,
      0.15,
      0.15
    ],
    [
      6,
      6,
      6,
      6,
      6,
      6,
      6,
      6,
      6,
      6,
      6,
      6,
      6,
      6,
      6
    ],
    [
      0.05845,
      0.06195,
      0.06545,
      0.07,
      0.0735,
      0.077,
      0.08155,
      0.0861,
      0.09065,
      0.0952,
      0.09975,
      0.1043,
      0.10885,
      0.1134,
      0.11795
    ],
    [
      0.1169,
      0.1239,
      0.1309,
      0.14,
      0.147,
      0.154,
      0.1631,
      0.1722,
      0.1813,
      0.1904,
      0.1995,
      0.2086,
      0.2177,
      0.2268,
      0.2359
    ],
    [
      0.17535,
      0.18585,
      0.19635,
      0.21,
      0.2205,
      0.231,
      0.24465,
      0.2583,
      0.27195,
      0.2856,
      0.29925,
      0.3129,
      0.32655,
      0.3402,
      0.35385
    ],
    [
      0.29225,
      0.30975,
      0.32725,
      0.35,
      0.3675,
      0.385,
      0.40775,
      0.4305,
      0.45325,
      0.476,
      0.49875,
      0.5215,
      0.54425,
      0.567,
      0.58975
    ],
    [
      10,
      10,
      10,
      10,
      10,
      10,
      10,
      10,
      10,
      10,
      10,
      10,
      10,
      10,
      10
    ],
    [
      20,
      20,
      20,
      20,
      20,
      20,
      20,
      20,
      20,
      20,
      20,
      20,
      20,
      20,
      20
    ]
  ],
  "burst": [
    [
      3.592,
      3.8614,
      4.1308,
      4.49,
      4.7594,
      5.0288,
      5.388,
      5.7472,
      6.1064,
      6.4656,
      6.8248,
      7.184,
      7.633,
      8.082,
      8.531
    ],
    [
      12,
      12,
      12,
      12,
      12,
      12,
      12,
      12,
      12,
      12,
      12,
      12,
      12,
      12,
      12
    ],
    [
      40,
      40,
      40,
      40,
      40,
      40,
      40,
      40,
      40,
      40,
      40,
      40,
      40,
      40,
      40
    ]
  ],
  "passive1": [
    [
      0.08
    ],
    [
      10
    ]
  ],
  "passive2": [
    [
      0.035
    ]
  ],
  "passive3": [],
  "constellation1": [],
  "constellation2": [],
  "constellation3": [],
  "constellation4": [],
  "constellation5": [],
  "constellation6": []
}