{
  "auto": [
    [
      0.540596, 0.584598, 0.6286, 0.69146, 0.735462, 0.78575, 0.854896,
      0.924042, 0.993188, 1.06862, 1.144052, 1.219484, 1.294916, 1.370348,
      1.44578
    ],
    [
      0.516284, 0.558307, 0.60033, 0.660363, 0.702386, 0.750413, 0.816449,
      0.882485, 0.948521, 1.020561, 1.092601, 1.16464, 1.23668, 1.308719,
      1.380759
    ],
    [
      0.34185, 0.369675, 0.3975, 0.43725, 0.465075, 0.496875, 0.5406, 0.584325,
      0.62805, 0.67575, 0.72345, 0.77115, 0.81885, 0.86655, 0.91425
    ],
    [
      0.34185, 0.369675, 0.3975, 0.43725, 0.465075, 0.496875, 0.5406, 0.584325,
      0.62805, 0.67575, 0.72345, 0.77115, 0.81885, 0.86655, 0.91425
    ],
    [
      0.23134, 0.25017, 0.269, 0.2959, 0.31473, 0.33625, 0.36584, 0.39543,
      0.42502, 0.4573, 0.48958, 0.52186, 0.55414, 0.58642, 0.6187
    ],
    [
      0.23134, 0.25017, 0.269, 0.2959, 0.31473, 0.33625, 0.36584, 0.39543,
      0.42502, 0.4573, 0.48958, 0.52186, 0.55414, 0.58642, 0.6187
    ],
    [
      0.23134, 0.25017, 0.269, 0.2959, 0.31473, 0.33625, 0.36584, 0.39543,
      0.42502, 0.4573, 0.48958, 0.52186, 0.55414, 0.58642, 0.6187
    ],
    [
      0.900102, 0.973366, 1.04663, 1.151293, 1.224557, 1.308288, 1.423417,
      1.538546, 1.653675, 1.779271, 1.904867, 2.030462, 2.156058, 2.281653,
      2.407249
    ],
    [
      1.2814, 1.3857, 1.49, 1.639, 1.7433, 1.8625, 2.0264, 2.1903, 2.3542,
      2.533, 2.7118, 2.8906, 3.0694, 3.2482, 3.427
    ],
    [20, 20, 20, 20, 20, 20, 20, 20, 20, 20, 20, 20, 20, 20, 20],
    [
      0.639324, 0.691362, 0.7434, 0.81774, 0.869778, 0.92925, 1.011024,
      1.092798, 1.174572, 1.26378, 1.352988, 1.442196, 1.531404, 1.620612,
      1.70982
    ],
    [
      1.278377, 1.382431, 1.486485, 1.635134, 1.739187, 1.858106, 2.02162,
      2.185133, 2.348646, 2.527025, 2.705403, 2.883781, 3.062159, 3.240537,
      3.418915
    ],
    [
      1.596762, 1.726731, 1.8567, 2.04237, 2.172339, 2.320875, 2.525112,
      2.729349, 2.933586, 3.15639, 3.379194, 3.601998, 3.824802, 4.047606,
      4.27041
    ]
  ],
  "skill": [
    [
      0.267632, 0.289416, 0.3112, 0.34232, 0.364104, 0.389, 0.423232, 0.457464,
      0.491696, 0.52904, 0.566384, 0.603728, 0.641072, 0.678416, 0.71576
    ],
    [
      0.38786, 0.41943, 0.451, 0.4961, 0.52767, 0.56375, 0.61336, 0.66297,
      0.71258, 0.7667, 0.82082, 0.87494, 0.92906, 0.98318, 1.0373
    ],
    [
      0.35, 0.35, 0.35, 0.35, 0.35, 0.35, 0.35, 0.35, 0.35, 0.35, 0.35, 0.35,
      0.35, 0.35, 0.35
    ],
    [
      0.329724, 0.356562, 0.3834, 0.42174, 0.448578, 0.47925, 0.521424,
      0.563598, 0.605772, 0.65178, 0.697788, 0.743796, 0.789804, 0.835812,
      0.88182
    ],
    [
      0.439632, 0.475416, 0.5112, 0.56232, 0.598104, 0.639, 0.695232, 0.751464,
      0.807696, 0.86904, 0.930384, 0.991728, 1.053072, 1.114416, 1.17576
    ],
    [
      1.04, 1.04, 1.04, 1.04, 1.04, 1.04, 1.04, 1.04, 1.04, 1.04, 1.04, 1.04,
      1.04, 1.04, 1.04
    ],
    [
      0.25112, 0.27156, 0.292, 0.3212, 0.34164, 0.365, 0.39712, 0.42924,
      0.46136, 0.4964, 0.53144, 0.56648, 0.60152, 0.63656, 0.6716
    ],
    [1.1, 1.1, 1.1, 1.1, 1.1, 1.1, 1.1, 1.1, 1.1, 1.1, 1.1, 1.1, 1.1, 1.1, 1.1],
    [0.8, 0.8, 0.8, 0.8, 0.8, 0.8, 0.8, 0.8, 0.8, 0.8, 0.8, 0.8, 0.8, 0.8, 0.8],
    [
      0.432, 0.4644, 0.4968, 0.54, 0.5724, 0.6048, 0.648, 0.6912, 0.7344,
      0.7776, 0.8208, 0.864, 0.918, 0.972, 1.026
    ],
    [10, 10, 10, 10, 10, 10, 10, 10, 10, 10, 10, 10, 10, 10, 10],
    [7.5, 7.5, 7.5, 7.5, 7.5, 7.5, 7.5, 7.5, 7.5, 7.5, 7.5, 7.5, 7.5, 7.5, 7.5],
    [16, 16, 16, 16, 16, 16, 16, 16, 16, 16, 16, 16, 16, 16, 16]
  ],
  "burst": [
    [
      1.2688, 1.36396, 1.45912, 1.586, 1.68116, 1.77632, 1.9032, 2.03008,
      2.15696, 2.28384, 2.41072, 2.5376, 2.6962, 2.8548, 3.0134
    ],
    [
      0.66, 0.72, 0.78, 0.84, 0.9, 0.96, 1.02, 1.08, 1.14, 1.2, 1.26, 1.32,
      1.38, 1.44, 1.5
    ],
    [15, 15, 15, 15, 15, 15, 15, 15, 15, 15, 15, 15, 15, 15, 15],
    [60, 60, 60, 60, 60, 60, 60, 60, 60, 60, 60, 60, 60, 60, 60]
  ],
  "passive1": [[15], [1800], [0.2]],
  "passive2": [[1], [1], [0.1], [15]],
  "passive3": [],
  "constellation1": [0.5, 0.3, 1.2],
  "constellation2": [2700, 0.3],
  "constellation3": [],
  "constellation4": [0.02, 2],
  "constellation5": [],
  "constellation6": [0.1, 0.7, 1, 0.8, 2, 6, 12]
}
