{
  "auto": [
    [
      0.68714,
      0.74307,
      0.799,
      0.8789,
      0.93483,
      0.99875,
      1.08664,
      1.17453,
      1.26242,
      1.3583,
      1.45418,
      1.55006,
      1.64594,
      1.74182,
      1.8377
    ],
    [
      0.65016,
      0.70308,
      0.756,
      0.8316,
      0.88452,
      0.945,
      1.02816,
      1.11132,
      1.19448,
      1.2852,
      1.37592,
      1.46664,
      1.55736,
      1.64808,
      1.7388
    ],
    [
      0.47644,
      0.51522,
      0.554,
      0.6094,
      0.64818,
      0.6925,
      0.75344,
      0.81438,
      0.87532,
      0.9418,
      1.00828,
      1.07476,
      1.14124,
      1.20772,
      1.2742
    ],
    [
      0.47644,
      0.51522,
      0.554,
      0.6094,
      0.64818,
      0.6925,
      0.75344,
      0.81438,
      0.87532,
      0.9418,
      1.00828,
      1.07476,
      1.14124,
      1.20772,
      1.2742
    ],
    [
      1.3208,
      1.41986,
      1.51892,
      1.651,
      1.75006,
      1.84912,
      1.9812,
      2.11328,
      2.24536,
      2.37744,
      2.50952,
      2.6416,
      2.8067,
      2.9718,
      3.1369
    ],
    [
      50,
      50,
      50,
      50,
      50,
      50,
      50,
      50,
      50,
      50,
      50,
      50,
      50,
      50,
      50
    ],
    [
      0.568288,
      0.614544,
      0.6608,
      0.72688,
      0.773136,
      0.826,
      0.898688,
      0.971376,
      1.044064,
      1.12336,
      1.202656,
      1.281952,
      1.361248,
      1.440544,
      1.51984
    ],
    [
      1.136335,
      1.228828,
      1.32132,
      1.453452,
      1.545944,
      1.65165,
      1.796995,
      1.94234,
      2.087686,
      2.246244,
      2.404802,
      2.563361,
      2.721919,
      2.880478,
      3.039036
    ],
    [
      1.419344,
      1.534872,
      1.6504,
      1.81544,
      1.930968,
      2.063,
      2.244544,
      2.426088,
      2.607632,
      2.80568,
      3.003728,
      3.201776,
      3.399824,
      3.597872,
      3.79592
    ]
  ],
  "skill": [
    [
      0.952,
      1.0234,
      1.0948,
      1.19,
      1.2614,
      1.3328,
      1.428,
      1.5232,
      1.6184,
      1.7136,
      1.8088,
      1.904,
      2.023,
      2.142,
      2.261
    ],
    [
      1.329825,
      1.349575,
      1.369325,
      1.395,
      1.41475,
      1.4345,
      1.460175,
      1.48585,
      1.511525,
      1.5372,
      1.562875,
      1.58855,
      1.614225,
      1.6399,
      1.665575
    ],
    [
      1.26386,
      1.27966,
      1.29546,
      1.316,
      1.3318,
      1.3476,
      1.36814,
      1.38868,
      1.40922,
      1.42976,
      1.4503,
      1.47084,
      1.49138,
      1.51192,
      1.53246
    ],
    [
      100,
      100,
      100,
      100,
      100,
      100,
      100,
      100,
      100,
      100,
      100,
      100,
      100,
      100,
      100
    ],
    [
      6,
      6,
      6,
      6,
      6,
      6,
      6,
      6,
      6,
      6,
      6,
      6,
      6,
      6,
      6
    ],
    [
      0.329825,
      0.349575,
      0.369325,
      0.395,
      0.41475,
      0.4345,
      0.460175,
      0.48585,
      0.511525,
      0.5372,
      0.562875,
      0.58855,
      0.614225,
      0.6399,
      0.665575
    ],
    [
      0.26386,
      0.27966,
      0.29546,
      0.316,
      0.3318,
      0.3476,
      0.36814,
      0.38868,
      0.40922,
      0.42976,
      0.4503,
      0.47084,
      0.49138,
      0.51192,
      0.53246
    ]
  ],
  "burst": [
    [
      1.472,
      1.5824,
      1.6928,
      1.84,
      1.9504,
      2.0608,
      2.208,
      2.3552,
      2.5024,
      2.6496,
      2.7968,
      2.944,
      3.128,
      3.312,
      3.496
    ],
    [
      15,
      15,
      15,
      15,
      15,
      15,
      15,
      15,
      15,
      15,
      15,
      15,
      15,
      15,
      15
    ],
    [
      60,
      60,
      60,
      60,
      60,
      60,
      60,
      60,
      60,
      60,
      60,
      60,
      60,
      60,
      60
    ]
  ],
  "passive1": [
    [
      0.3
    ],
    [
      20
    ],
    [
      0.2
    ],
    [
      0.8
    ]
  ],
  "passive2": [
    [
      0.16
    ],
    [
      0.12
    ],
    [
      0.35
    ]
  ],
  "passive3": [],
  "constellation1": [
    0.1,
    0.25
  ],
  "constellation2": [
    0.04,
    2
  ],
  "constellation3": [],
  "constellation4": [],
  "constellation5": [],
  "constellation6": [
    0.4,
    4,
    40
  ]
}