{
  "auto": [
    [
      0.403048, 0.433277, 0.463505, 0.50381, 0.534039, 0.564267, 0.604572,
      0.644877, 0.685182, 0.725486, 0.765791, 0.806096, 0.856477, 0.906858,
      0.957239
    ],
    [
      0.369744, 0.397475, 0.425206, 0.46218, 0.489911, 0.517642, 0.554616,
      0.59159, 0.628565, 0.665539, 0.702514, 0.739488, 0.785706, 0.831924,
      0.878142
    ],
    [
      0.458744, 0.49315, 0.527556, 0.57343, 0.607836, 0.642242, 0.688116,
      0.73399, 0.779865, 0.825739, 0.871614, 0.917488, 0.974831, 1.032174,
      1.089517
    ],
    [
      0.584064, 0.627869, 0.671674, 0.73008, 0.773885, 0.81769, 0.876096,
      0.934502, 0.992909, 1.051315, 1.109722, 1.168128, 1.241136, 1.314144,
      1.387152
    ],
    [
      0.33, 0.35475, 0.3795, 0.4125, 0.43725, 0.462, 0.495, 0.528, 0.561, 0.594,
      0.627, 0.66, 0.70125, 0.7425, 0.78375
    ],
    [40, 40, 40, 40, 40, 40, 40, 40, 40, 40, 40, 40, 40, 40, 40],
    [
      0.568288, 0.614544, 0.6608, 0.72688, 0.773136, 0.826, 0.898688, 0.971376,
      1.044064, 1.12336, 1.202656, 1.281952, 1.361248, 1.440544, 1.51984
    ],
    [
      1.136335, 1.228828, 1.32132, 1.453452, 1.545944, 1.65165, 1.796995,
      1.94234, 2.087686, 2.246244, 2.404802, 2.563361, 2.721919, 2.880478,
      3.039036
    ],
    [
      1.419344, 1.534872, 1.6504, 1.81544, 1.930968, 2.063, 2.244544, 2.426088,
      2.607632, 2.80568, 3.003728, 3.201776, 3.399824, 3.597872, 3.79592
    ]
  ],
  "skill": [
    [
      4.0664, 4.37138, 4.67636, 5.083, 5.38798, 5.69296, 6.0996, 6.50624,
      6.91288, 7.31952, 7.72616, 8.1328, 8.6411, 9.1494, 9.6577
    ],
    [
      2.2168, 2.38306, 2.54932, 2.771, 2.93726, 3.10352, 3.3252, 3.54688,
      3.76856, 3.99024, 4.21192, 4.4336, 4.7107, 4.9878, 5.2649
    ],
    [10, 10, 10, 10, 10, 10, 10, 10, 10, 10, 10, 10, 10, 10, 10],
    [15, 15, 15, 15, 15, 15, 15, 15, 15, 15, 15, 15, 15, 15, 15]
  ],
  "burst": [
    [
      4.008, 4.3086, 4.6092, 5.01, 5.3106, 5.6112, 6.012, 6.4128, 6.8136,
      7.2144, 7.6152, 8.016, 8.517, 9.018, 9.519
    ],
    [
      0.1488, 0.15996, 0.17112, 0.186, 0.19716, 0.20832, 0.2232, 0.23808,
      0.25296, 0.26784, 0.28272, 0.2976, 0.3162, 0.3348, 0.3534
    ],
    [
      0.843264, 0.9065088, 0.9697536, 1.05408, 1.1173248, 1.1805696, 1.264896,
      1.3492224, 1.4335488, 1.5178752, 1.6022016, 1.686528, 1.791936, 1.897344,
      2.002752
    ],
    [
      4.0128, 4.31376, 4.61472, 5.016, 5.31696, 5.61792, 6.0192, 6.42048,
      6.82176, 7.22304, 7.62432, 8.0256, 8.5272, 9.0288, 9.5304
    ],
    [
      1.05408, 1.133136, 1.212192, 1.3176, 1.396656, 1.475712, 1.58112,
      1.686528, 1.791936, 1.897344, 2.002752, 2.10816, 2.23992, 2.37168, 2.50344
    ],
    [
      4.5144, 4.85298, 5.19156, 5.643, 5.98158, 6.32016, 6.7716, 7.22304,
      7.67448, 8.12592, 8.57736, 9.0288, 9.5931, 10.1574, 10.7217
    ],
    [
      0.597312, 0.6421104, 0.6869088, 0.74664, 0.7914384, 0.8362368, 0.895968,
      0.9556992, 1.0154304, 1.0751616, 1.1348928, 1.194624, 1.269288, 1.343952,
      1.418616
    ],
    [
      0.1488, 0.15996, 0.17112, 0.186, 0.19716, 0.20832, 0.2232, 0.23808,
      0.25296, 0.26784, 0.28272, 0.2976, 0.3162, 0.3348, 0.3534
    ],
    [
      -0.000049104, -5.27868e-5, -5.64696e-5, -0.00006138, -6.50628e-5,
      -6.87456e-5, -0.000073656, -7.85664e-5, -8.34768e-5, -8.83872e-5,
      -9.32976e-5, -0.000098208, -0.000104346, -0.000110484, -0.000116622
    ],
    [5, 5, 5, 5, 5, 5, 5, 5, 5, 5, 5, 5, 5, 5, 5],
    [15, 15, 15, 15, 15, 15, 15, 15, 15, 15, 15, 15, 15, 15, 15],
    [20, 20, 20, 20, 20, 20, 20, 20, 20, 20, 20, 20, 20, 20, 20],
    [80, 80, 80, 80, 80, 80, 80, 80, 80, 80, 80, 80, 80, 80, 80]
  ],
  "passive1": [[0.25], [1]],
  "passive2": [[0.05], [5], [0.25]],
  "passive3": [],
  "constellation1": [0.25, 1],
  "constellation2": [[2, 3, 5, 7, 9], 2],
  "constellation3": [],
  "constellation4": [4, 4],
  "constellation5": [],
  "constellation6": [1, 1, 0.2, 0.03, 0.05, 8, 13]
}
