{
  "auto": [
    [
      0.503074,
      0.544022,
      0.58497,
      0.643467,
      0.684415,
      0.731213,
      0.795559,
      0.859906,
      0.924253,
      0.994449,
      1.064645,
      1.134842,
      1.205038,
      1.275235,
      1.345431
    ],
    [
      0.45439,
      0.491375,
      0.52836,
      0.581196,
      0.618181,
      0.66045,
      0.71857,
      0.776689,
      0.834809,
      0.898212,
      0.961615,
      1.025018,
      1.088422,
      1.151825,
      1.215228
    ],
    [
      0.70354,
      0.760805,
      0.81807,
      0.899877,
      0.957142,
      1.022588,
      1.112575,
      1.202563,
      1.292551,
      1.390719,
      1.488887,
      1.587056,
      1.685224,
      1.783393,
      1.881561
    ],
    [
      0.50224,
      0.54312,
      0.584,
      0.6424,
      0.68328,
      0.73,
      0.79424,
      0.85848,
      0.92272,
      0.9928,
      1.06288,
      1.13296,
      1.20304,
      1.27312,
      1.3432
    ],
    [
      0.54438,
      0.58869,
      0.633,
      0.6963,
      0.74061,
      0.79125,
      0.86088,
      0.93051,
      1.00014,
      1.0761,
      1.15206,
      1.22802,
      1.30398,
      1.37994,
      1.4559
    ],
    [
      20,
      20,
      20,
      20,
      20,
      20,
      20,
      20,
      20,
      20,
      20,
      20,
      20,
      20,
      20
    ],
    [
      0.639324,
      0.691362,
      0.7434,
      0.81774,
      0.869778,
      0.92925,
      1.011024,
      1.092798,
      1.174572,
      1.26378,
      1.352988,
      1.442196,
      1.531404,
      1.620612,
      1.70982
    ],
    [
      1.278377,
      1.382431,
      1.486485,
      1.635134,
      1.739187,
      1.858106,
      2.02162,
      2.185133,
      2.348646,
      2.527025,
      2.705403,
      2.883781,
      3.062159,
      3.240537,
      3.418915
    ],
    [
      1.596762,
      1.726731,
      1.8567,
      2.04237,
      2.172339,
      2.320875,
      2.525112,
      2.729349,
      2.933586,
      3.15639,
      3.379194,
      3.601998,
      3.824802,
      4.047606,
      4.27041
    ]
  ],
  "skill": [
    [
      0.033389,
      0.035893,
      0.038397,
      0.041736,
      0.04424,
      0.046744,
      0.050083,
      0.053422,
      0.056761,
      0.0601,
      0.063439,
      0.066778,
      0.070951,
      0.075125,
      0.079298
    ],
    [
      0.032619,
      0.035066,
      0.037512,
      0.040774,
      0.04322,
      0.045667,
      0.048929,
      0.052191,
      0.055453,
      0.058715,
      0.061976,
      0.065238,
      0.069316,
      0.073393,
      0.077471
    ],
    [
      0.039605,
      0.042575,
      0.045546,
      0.049506,
      0.052476,
      0.055447,
      0.059407,
      0.063368,
      0.067328,
      0.071289,
      0.075249,
      0.07921,
      0.08416,
      0.089111,
      0.094061
    ],
    [
      0.071688,
      0.077065,
      0.082441,
      0.08961,
      0.094987,
      0.100363,
      0.107532,
      0.114701,
      0.12187,
      0.129038,
      0.136207,
      0.143376,
      0.152337,
      0.161298,
      0.170259
    ],
    [
      0.050616,
      0.054412,
      0.058208,
      0.06327,
      0.067066,
      0.070862,
      0.075924,
      0.080986,
      0.086047,
      0.091109,
      0.09617,
      0.101232,
      0.107559,
      0.113886,
      0.120213
    ],
    [
      0.045525,
      0.048939,
      0.052354,
      0.056906,
      0.06032,
      0.063735,
      0.068287,
      0.07284,
      0.077392,
      0.081945,
      0.086497,
      0.09105,
      0.09674,
      0.102431,
      0.108121
    ],
    [
      0.051445,
      0.055303,
      0.059162,
      0.064306,
      0.068164,
      0.072023,
      0.077167,
      0.082312,
      0.087456,
      0.092601,
      0.097745,
      0.10289,
      0.10932,
      0.115751,
      0.122181
    ],
    [
      12,
      12,
      12,
      12,
      12,
      12,
      12,
      12,
      12,
      12,
      12,
      12,
      12,
      12,
      12
    ],
    [
      18,
      18,
      18,
      18,
      18,
      18,
      18,
      18,
      18,
      18,
      18,
      18,
      18,
      18,
      18
    ],
    [
      8,
      8,
      8,
      8,
      8,
      8,
      8,
      8,
      8,
      8,
      8,
      8,
      8,
      8,
      8
    ],
    [
      10,
      10,
      10,
      10,
      10,
      10,
      10,
      10,
      10,
      10,
      10,
      10,
      10,
      10,
      10
    ]
  ],
  "burst": [
    [
      0.18432,
      0.198144,
      0.211968,
      0.2304,
      0.244224,
      0.258048,
      0.27648,
      0.294912,
      0.313344,
      0.331776,
      0.350208,
      0.36864,
      0.39168,
      0.41472,
      0.43776
    ],
    [
      0.22528,
      0.242176,
      0.259072,
      0.2816,
      0.298496,
      0.315392,
      0.33792,
      0.360448,
      0.382976,
      0.405504,
      0.428032,
      0.45056,
      0.47872,
      0.50688,
      0.53504
    ],
    [
      18,
      18,
      18,
      18,
      18,
      18,
      18,
      18,
      18,
      18,
      18,
      18,
      18,
      18,
      18
    ],
    [
      70,
      70,
      70,
      70,
      70,
      70,
      70,
      70,
      70,
      70,
      70,
      70,
      70,
      70,
      70
    ]
  ],
  "passive1": [
    [
      30
    ],
    [
      100
    ],
    [
      10
    ]
  ],
  "passive2": [
    [
      0.09
    ],
    [
      30000
    ],
    [
      4
    ]
  ],
  "passive3": [],
  "constellation1": [
    0.65,
    6
  ],
  "constellation2": [
    0.35,
    0.35,
    10
  ],
  "constellation3": [],
  "constellation4": [
    15,
    0.5,
    8
  ],
  "constellation5": [],
  "constellation6": [
    0.006,
    0.012,
    0.3,
    0.6
  ]
}