{
  "auto": [
    [
      0.51396,
      0.552507,
      0.591054,
      0.64245,
      0.680997,
      0.719544,
      0.77094,
      0.822336,
      0.873732,
      0.925128,
      0.976524,
      1.02792,
      1.092165,
      1.15641,
      1.220655
    ],
    [
      0.446256,
      0.479725,
      0.513194,
      0.55782,
      0.591289,
      0.624758,
      0.669384,
      0.71401,
      0.758635,
      0.803261,
      0.847886,
      0.892512,
      0.948294,
      1.004076,
      1.059858
    ],
    [
      0.700344,
      0.75287,
      0.805396,
      0.87543,
      0.927956,
      0.980482,
      1.050516,
      1.12055,
      1.190585,
      1.260619,
      1.330654,
      1.400688,
      1.488231,
      1.575774,
      1.663317
    ],
    [
      1.4288,
      1.53596,
      1.64312,
      1.786,
      1.89316,
      2.00032,
      2.1432,
      2.28608,
      2.42896,
      2.57184,
      2.71472,
      2.8576,
      3.0362,
      3.2148,
      3.3934
    ],
    [
      50,
      50,
      50,
      50,
      50,
      50,
      50,
      50,
      50,
      50,
      50,
      50,
      50,
      50,
      50
    ],
    [
      0.568288,
      0.614544,
      0.6608,
      0.72688,
      0.773136,
      0.826,
      0.898688,
      0.971376,
      1.044064,
      1.12336,
      1.202656,
      1.281952,
      1.361248,
      1.440544,
      1.51984
    ],
    [
      1.136335,
      1.228828,
      1.32132,
      1.453452,
      1.545944,
      1.65165,
      1.796995,
      1.94234,
      2.087686,
      2.246244,
      2.404802,
      2.563361,
      2.721919,
      2.880478,
      3.039036
    ],
    [
      1.419344,
      1.534872,
      1.6504,
      1.81544,
      1.930968,
      2.063,
      2.244544,
      2.426088,
      2.607632,
      2.80568,
      3.003728,
      3.201776,
      3.399824,
      3.597872,
      3.79592
    ]
  ],
  "skill": [
    [
      0.0868,
      0.09331,
      0.09982,
      0.1085,
      0.11501,
      0.12152,
      0.1302,
      0.13888,
      0.14756,
      0.15624,
      0.16492,
      0.1736,
      0.18445,
      0.1953,
      0.20615
    ],
    [
      0.0434,
      0.046655,
      0.04991,
      0.05425,
      0.057505,
      0.06076,
      0.0651,
      0.06944,
      0.07378,
      0.07812,
      0.08246,
      0.0868,
      0.092225,
      0.09765,
      0.103075
    ],
    [
      0.217,
      0.233275,
      0.24955,
      0.27125,
      0.287525,
      0.3038,
      0.3255,
      0.3472,
      0.3689,
      0.3906,
      0.4123,
      0.434,
      0.461125,
      0.48825,
      0.515375
    ],
    [
      1.8,
      1.8,
      1.8,
      1.8,
      1.8,
      1.8,
      1.8,
      1.8,
      1.8,
      1.8,
      1.8,
      1.8,
      1.8,
      1.8,
      1.8
    ],
    [
      60,
      60,
      60,
      60,
      60,
      60,
      60,
      60,
      60,
      60,
      60,
      60,
      60,
      60,
      60
    ],
    [
      6,
      6,
      6,
      6,
      6,
      6,
      6,
      6,
      6,
      6,
      6,
      6,
      6,
      6,
      6
    ]
  ],
  "burst": [
    [
      0.584392,
      0.628221,
      0.672051,
      0.73049,
      0.774319,
      0.818149,
      0.876588,
      0.935027,
      0.993466,
      1.051906,
      1.110345,
      1.168784,
      1.241833,
      1.314882,
      1.387931
    ],
    [
      15,
      15,
      15,
      15,
      15,
      15,
      15,
      15,
      15,
      15,
      15,
      15,
      15,
      15,
      15
    ],
    [
      60,
      60,
      60,
      60,
      60,
      60,
      60,
      60,
      60,
      60,
      60,
      60,
      60,
      60,
      60
    ]
  ],
  "passive1": [
    [
      20
    ]
  ],
  "passive2": [
    [
      20
    ],
    [
      0.15
    ],
    [
      0.3
    ],
    [
      0.45
    ]
  ],
  "passive3": [
    [
      0.25
    ],
    [
      0.65
    ]
  ],
  "constellation1": [
    0.66,
    0.7
  ],
  "constellation2": [
    6,
    2
  ],
  "constellation3": [],
  "constellation4": [
    8,
    0.75
  ],
  "constellation5": [],
  "constellation6": []
}