{
  "auto": [
    [
      0.28,
      0.301,
      0.322,
      0.35,
      0.371,
      0.392,
      0.42,
      0.448,
      0.476,
      0.504,
      0.53312,
      0.5712,
      0.60928,
      0.64736,
      0.68544
    ],
    [
      1.7408,
      1.87136,
      2.00192,
      2.176,
      2.30656,
      2.43712,
      2.6112,
      2.78528,
      2.95936,
      3.13344,
      3.314483,
      3.551232,
      3.787981,
      4.02473,
      4.261478
    ],
    [
      0.496,
      0.5332,
      0.5704,
      0.62,
      0.6572,
      0.6944,
      0.744,
      0.7936,
      0.8432,
      0.8928,
      0.944384,
      1.01184,
      1.079296,
      1.146752,
      1.214208
    ],
    [
      50,
      50,
      50,
      50,
      50,
      50,
      50,
      50,
      50,
      50,
      50,
      50,
      50,
      50,
      50
    ],
    [
      0.568288,
      0.614544,
      0.6608,
      0.72688,
      0.773136,
      0.826,
      0.898688,
      0.971376,
      1.044064,
      1.12336,
      1.202656,
      1.281952,
      1.361248,
      1.440544,
      1.51984
    ],
    [
      1.136335,
      1.228828,
      1.32132,
      1.453452,
      1.545944,
      1.65165,
      1.796995,
      1.94234,
      2.087686,
      2.246244,
      2.404802,
      2.563361,
      2.721919,
      2.880478,
      3.039036
    ],
    [
      1.419344,
      1.534872,
      1.6504,
      1.81544,
      1.930968,
      2.063,
      2.244544,
      2.426088,
      2.607632,
      2.80568,
      3.003728,
      3.201776,
      3.399824,
      3.597872,
      3.79592
    ]
  ],
  "skill": [
    [
      -0.499,
      -0.469,
      -0.439,
      -0.4,
      -0.37,
      -0.34,
      -0.301,
      -0.262,
      -0.223,
      -0.184,
      -0.145,
      -0.106,
      -0.067,
      -0.028,
      0.011
    ],
    [
      2.304,
      2.4768,
      2.6496,
      2.88,
      3.0528,
      3.2256,
      3.456,
      3.6864,
      3.9168,
      4.1472,
      4.3776,
      4.608,
      4.896,
      5.184,
      5.472
    ],
    [
      0.501,
      0.531,
      0.561,
      0.6,
      0.63,
      0.66,
      0.699,
      0.738,
      0.777,
      0.816,
      0.855,
      0.894,
      0.933,
      0.972,
      1.011
    ],
    [
      12,
      12,
      12,
      12,
      12,
      12,
      12,
      12,
      12,
      12,
      12,
      12,
      12,
      12,
      12
    ]
  ],
  "burst": [
    [
      0.8696,
      0.93482,
      1.00004,
      1.087,
      1.15222,
      1.21744,
      1.3044,
      1.39136,
      1.47832,
      1.56528,
      1.65224,
      1.7392,
      1.8479,
      1.9566,
      2.0653
    ],
    [
      12,
      12,
      12,
      12,
      12,
      12,
      12,
      12,
      12,
      12,
      12,
      12,
      12,
      12,
      12
    ],
    [
      40,
      40,
      40,
      40,
      40,
      40,
      40,
      40,
      40,
      40,
      40,
      40,
      40,
      40,
      40
    ]
  ],
  "passive1": [],
  "passive2": [
    [
      0.12
    ],
    [
      10
    ]
  ],
  "passive3": [],
  "constellation1": [],
  "constellation2": [],
  "constellation3": [],
  "constellation4": [],
  "constellation5": [],
  "constellation6": []
}