{
  "setEffects": [
    {
      "numRequired": 2,
      "passiveStats": {
        "def_": 0.1500000001396984
      },
      "otherStats": [
        0.1500000001396984,
        0.5000000004656613,
        0.1500000001396984
      ]
    }
  ]
}