{
  "setEffects": [
    {
      "numRequired": 2,
      "passiveStats": {
        "eff_res_": 0.10000000009313226
      },
      "otherStats": [
        0.10000000009313226,
        0.3000000002793968,
        0.10000000009313226
      ]
    }
  ]
}