{
  "setEffects": [
    {
      "numRequired": 2,
      "passiveStats": {
        "physical_dmg_": 0.10000000009313226
      },
      "otherStats": [
        0.10000000009313226
      ]
    },
    {
      "numRequired": 4,
      "passiveStats": {},
      "otherStats": [
        0.05000000004656613,
        5
      ]
    }
  ]
}