{
  "setEffects": [
    {
      "numRequired": 2,
      "passiveStats": {
        "fire_dmg_": 0.10000000009313226
      },
      "otherStats": [
        0.10000000009313226
      ]
    },
    {
      "numRequired": 4,
      "passiveStats": {},
      "otherStats": [
        0.12000000011175871,
        0.12000000011175871
      ]
    }
  ]
}