{
  "setEffects": [
    {
      "numRequired": 2,
      "passiveStats": {
        "atk_": 0.12000000011175871
      },
      "otherStats": [
        0.12000000011175871,
        135,
        160,
        0.12000000011175871,
        0.18000000016763806
      ]
    }
  ]
}