{
  "setEffects": [
    {
      "numRequired": 2,
      "passiveStats": {
        "hp_": 0.12000000011175871
      },
      "otherStats": [
        0.12000000011175871,
        120,
        0.0800000000745058
      ]
    }
  ]
}