{
  "setEffects": [
    {
      "numRequired": 2,
      "passiveStats": {
        "ice_dmg_": 0.10000000009313226
      },
      "otherStats": [
        0.10000000009313226
      ]
    },
    {
      "numRequired": 4,
      "passiveStats": {},
      "otherStats": [
        0.25000000023283064,
        2
      ]
    }
  ]
}