{
  "setEffects": [
    {
      "numRequired": 2,
      "passiveStats": {
        "crit_": 0.0800000000745058
      },
      "otherStats": [
        0.0800000000745058,
        0.5000000004656613,
        0.1500000001396984
      ]
    }
  ]
}