{
  "setEffects": [
    {
      "numRequired": 2,
      "passiveStats": {
        "def_": 0.1500000001396984
      },
      "otherStats": [
        0.1500000001396984
      ]
    },
    {
      "numRequired": 4,
      "passiveStats": {},
      "otherStats": [
        0.20000000018626451
      ]
    }
  ]
}