{
  "setEffects": [
    {
      "numRequired": 2,
      "passiveStats": {
        "hp_": 0.12000000011175871
      },
      "otherStats": [
        0.12000000011175871
      ]
    },
    {
      "numRequired": 4,
      "passiveStats": {},
      "otherStats": [
        0.0800000000745058,
        2,
        2
      ]
    }
  ]
}