{
  "2": {
    "hp": { "base": 45.1584, "add": 15.80544 },
    "atk": { "base": 22.5792, "add": 7.90272 },
    "hp_": { "base": 0.027648, "add": 0.009677 },
    "atk_": { "base": 0.027648, "add": 0.009677 },
    "def_": { "base": 0.034560002, "add": 0.012096001 },
    "crit_": { "base": 0.020736001, "add": 0.007258 },
    "crit_dmg_": { "base": 0.041472, "add": 0.014515 },
    "heal_": { "base": 0.022118, "add": 0.0077410005 },
    "eff_": { "base": 0.027648, "add": 0.009677 },
    "spd": { "base": 1.6128, "add": 1 },
    "physical_dmg_": { "base": 0.024883, "add": 0.008709 },
    "fire_dmg_": { "base": 0.024883, "add": 0.008709 },
    "ice_dmg_": { "base": 0.024883, "add": 0.008709 },
    "lightning_dmg_": { "base": 0.024883, "add": 0.008709 },
    "wind_dmg_": { "base": 0.024883, "add": 0.008709 },
    "quantum_dmg_": { "base": 0.024883, "add": 0.008709 },
    "imaginary_dmg_": { "base": 0.024883, "add": 0.008709 },
    "brEffect_": { "base": 0.041472, "add": 0.014515 },
    "enerRegen_": { "base": 0.012442, "add": 0.0043550003 }
  },
  "3": {
    "hp": { "base": 67.7376, "add": 23.70816 },
    "atk": { "base": 33.8688, "add": 11.85408 },
    "hp_": { "base": 0.041472, "add": 0.014515 },
    "atk_": { "base": 0.041472, "add": 0.014515 },
    "def_": { "base": 0.05184, "add": 0.018144 },
    "crit_": { "base": 0.031104, "add": 0.010886001 },
    "crit_dmg_": { "base": 0.062208, "add": 0.021773001 },
    "heal_": { "base": 0.033178, "add": 0.011612 },
    "eff_": { "base": 0.041472, "add": 0.014515 },
    "spd": { "base": 2.4192, "add": 1 },
    "physical_dmg_": { "base": 0.037325, "add": 0.013064001 },
    "fire_dmg_": { "base": 0.037325, "add": 0.013064001 },
    "ice_dmg_": { "base": 0.037325, "add": 0.013064001 },
    "lightning_dmg_": { "base": 0.037325, "add": 0.013064001 },
    "wind_dmg_": { "base": 0.037325, "add": 0.013064001 },
    "quantum_dmg_": { "base": 0.037325, "add": 0.013064001 },
    "imaginary_dmg_": { "base": 0.037325, "add": 0.013064001 },
    "brEffect_": { "base": 0.062208, "add": 0.021773001 },
    "enerRegen_": { "base": 0.018662, "add": 0.0065320004 }
  },
  "4": {
    "hp": { "base": 90.3168, "add": 31.61088 },
    "atk": { "base": 45.1584, "add": 15.80544 },
    "hp_": { "base": 0.055296, "add": 0.019354 },
    "atk_": { "base": 0.055296, "add": 0.019354 },
    "def_": { "base": 0.06912, "add": 0.024192 },
    "crit_": { "base": 0.041472, "add": 0.014515 },
    "crit_dmg_": { "base": 0.082944, "add": 0.029029999 },
    "heal_": { "base": 0.044237, "add": 0.015483 },
    "eff_": { "base": 0.055296, "add": 0.019354 },
    "spd": { "base": 3.2256, "add": 1.1 },
    "physical_dmg_": { "base": 0.049766, "add": 0.017418 },
    "fire_dmg_": { "base": 0.049766, "add": 0.017418 },
    "ice_dmg_": { "base": 0.049766, "add": 0.017418 },
    "lightning_dmg_": { "base": 0.049766, "add": 0.017418 },
    "wind_dmg_": { "base": 0.049766, "add": 0.017418 },
    "quantum_dmg_": { "base": 0.049766, "add": 0.017418 },
    "imaginary_dmg_": { "base": 0.049766, "add": 0.017418 },
    "brEffect_": { "base": 0.082944, "add": 0.029029999 },
    "enerRegen_": { "base": 0.024883, "add": 0.008709 }
  },
  "5": {
    "hp": { "base": 112.896, "add": 39.5136 },
    "atk": { "base": 56.448, "add": 19.7568 },
    "hp_": { "base": 0.06912, "add": 0.024192 },
    "atk_": { "base": 0.06912, "add": 0.024192 },
    "def_": { "base": 0.0864, "add": 0.030240001 },
    "crit_": { "base": 0.05184, "add": 0.018144 },
    "crit_dmg_": { "base": 0.10368, "add": 0.036288 },
    "heal_": { "base": 0.055296, "add": 0.019354 },
    "eff_": { "base": 0.06912, "add": 0.024192 },
    "spd": { "base": 4.032, "add": 1.4 },
    "physical_dmg_": { "base": 0.062208, "add": 0.021773001 },
    "fire_dmg_": { "base": 0.062208, "add": 0.021773001 },
    "ice_dmg_": { "base": 0.062208, "add": 0.021773001 },
    "lightning_dmg_": { "base": 0.062208, "add": 0.021773001 },
    "wind_dmg_": { "base": 0.062208, "add": 0.021773001 },
    "quantum_dmg_": { "base": 0.062208, "add": 0.021773001 },
    "imaginary_dmg_": { "base": 0.062208, "add": 0.021773001 },
    "brEffect_": { "base": 0.10368, "add": 0.036288 },
    "enerRegen_": { "base": 0.031104, "add": 0.010886001 }
  }
}
