{
  "setEffects": [
    {
      "numRequired": 2,
      "passiveStats": {
        "atk_": 0.12000000011175871
      },
      "otherStats": [
        0.12000000011175871
      ]
    },
    {
      "numRequired": 4,
      "passiveStats": {
        "undefined": 0.060000000055879354
      },
      "otherStats": [
        0.060000000055879354,
        0.10000000009313226
      ]
    }
  ]
}