{
  "setEffects": [
    {
      "numRequired": 2,
      "passiveStats": {
        "eff_": 0.10000000009313226
      },
      "otherStats": [
        0.10000000009313226,
        0.25000000023283064,
        0.25000000023283064
      ]
    }
  ]
}