{
  "setEffects": [
    {
      "numRequired": 2,
      "passiveStats": {
        "enerRegen_": 0.05000000004656613
      },
      "otherStats": [
        0.05000000004656613,
        120,
        0.40000000037252903
      ]
    }
  ]
}