{
  "2": {
    "hp": {
      "base": 13.548016000073403,
      "step": 1.693502000765875,
      "numSteps": 2
    },
    "atk": {
      "base": 6.774008000502363,
      "step": 0.8467510011978447,
      "numSteps": 2
    },
    "def": {
      "base": 6.774008000502363,
      "step": 0.8467510011978447,
      "numSteps": 2
    },
    "hp_": {
      "base": 0.013824000488966703,
      "step": 0.0017280005849897861,
      "numSteps": 2
    },
    "atk_": {
      "base": 0.013824000488966703,
      "step": 0.0017280005849897861,
      "numSteps": 2
    },
    "def_": {
      "base": 0.017280000261962414,
      "step": 0.002160000381991267,
      "numSteps": 2
    },
    "spd": {
      "base": 1,
      "step": 0.10000000009313226,
      "numSteps": 2
    },
    "crit_": {
      "base": 0.010368000715970993,
      "step": 0.001296000787988305,
      "numSteps": 2
    },
    "crit_dmg_": {
      "base": 0.020736000733450055,
      "step": 0.0025920008774846792,
      "numSteps": 2
    },
    "eff_": {
      "base": 0.013824000488966703,
      "step": 0.0017280005849897861,
      "numSteps": 2
    },
    "eff_res_": {
      "base": 0.013824000488966703,
      "step": 0.0017280005849897861,
      "numSteps": 2
    },
    "brEff_": {
      "base": 0.020736000733450055,
      "step": 0.0025920008774846792,
      "numSteps": 2
    }
  },
  "3": {
    "hp": {
      "base": 20.32202300033532,
      "step": 2.540253001032397,
      "numSteps": 2
    },
    "atk": {
      "base": 10.161012000171468,
      "step": 1.2701260005123913,
      "numSteps": 2
    },
    "def": {
      "base": 10.161012000171468,
      "step": 1.2701260005123913,
      "numSteps": 2
    },
    "hp_": {
      "base": 0.020736000733450055,
      "step": 0.0025920008774846792,
      "numSteps": 2
    },
    "atk_": {
      "base": 0.020736000733450055,
      "step": 0.0025920008774846792,
      "numSteps": 2
    },
    "def_": {
      "base": 0.02592000039294362,
      "step": 0.0032400002237409353,
      "numSteps": 2
    },
    "spd": {
      "base": 1.2000000001862645,
      "step": 0.10000000009313226,
      "numSteps": 2
    },
    "crit_": {
      "base": 0.015552000375464559,
      "step": 0.0019440008327364922,
      "numSteps": 2
    },
    "crit_dmg_": {
      "base": 0.031104000052437186,
      "step": 0.0038880009669810534,
      "numSteps": 2
    },
    "eff_": {
      "base": 0.020736000733450055,
      "step": 0.0025920008774846792,
      "numSteps": 2
    },
    "eff_res_": {
      "base": 0.020736000733450055,
      "step": 0.0025920008774846792,
      "numSteps": 2
    },
    "brEff_": {
      "base": 0.031104000052437186,
      "step": 0.0038880009669810534,
      "numSteps": 2
    }
  },
  "4": {
    "hp": {
      "base": 27.09603099990636,
      "step": 3.3870039999019355,
      "numSteps": 2
    },
    "atk": {
      "base": 13.548016000073403,
      "step": 1.693502000765875,
      "numSteps": 2
    },
    "def": {
      "base": 13.548016000073403,
      "step": 1.693502000765875,
      "numSteps": 2
    },
    "hp_": {
      "base": 0.027648000279441476,
      "step": 0.0034560004714876413,
      "numSteps": 2
    },
    "atk_": {
      "base": 0.027648000279441476,
      "step": 0.0034560004714876413,
      "numSteps": 2
    },
    "def_": {
      "base": 0.03456000052392483,
      "step": 0.0043200000654906034,
      "numSteps": 2
    },
    "spd": {
      "base": 1.6000000005587935,
      "step": 0.20000000018626451,
      "numSteps": 2
    },
    "crit_": {
      "base": 0.020736000733450055,
      "step": 0.0025920008774846792,
      "numSteps": 2
    },
    "crit_dmg_": {
      "base": 0.04147200076840818,
      "step": 0.0051840003579854965,
      "numSteps": 2
    },
    "eff_": {
      "base": 0.027648000279441476,
      "step": 0.0034560004714876413,
      "numSteps": 2
    },
    "eff_res_": {
      "base": 0.027648000279441476,
      "step": 0.0034560004714876413,
      "numSteps": 2
    },
    "brEff_": {
      "base": 0.04147200076840818,
      "step": 0.0051840003579854965,
      "numSteps": 2
    }
  },
  "5": {
    "hp": {
      "base": 33.870039001107216,
      "step": 4.23375500086695,
      "numSteps": 2
    },
    "atk": {
      "base": 16.935019000666216,
      "step": 2.1168770007789135,
      "numSteps": 2
    },
    "def": {
      "base": 16.935019000666216,
      "step": 2.1168770007789135,
      "numSteps": 2
    },
    "hp_": {
      "base": 0.03456000052392483,
      "step": 0.0043200000654906034,
      "numSteps": 2
    },
    "atk_": {
      "base": 0.03456000052392483,
      "step": 0.0043200000654906034,
      "numSteps": 2
    },
    "def_": {
      "base": 0.043199999956414104,
      "step": 0.005399999907240272,
      "numSteps": 2
    },
    "spd": {
      "base": 2,
      "step": 0.3000000002793968,
      "numSteps": 2
    },
    "crit_": {
      "base": 0.02592000039294362,
      "step": 0.0032400002237409353,
      "numSteps": 2
    },
    "crit_dmg_": {
      "base": 0.05184000078588724,
      "step": 0.006480000447481871,
      "numSteps": 2
    },
    "eff_": {
      "base": 0.03456000052392483,
      "step": 0.0043200000654906034,
      "numSteps": 2
    },
    "eff_res_": {
      "base": 0.03456000052392483,
      "step": 0.0043200000654906034,
      "numSteps": 2
    },
    "brEff_": {
      "base": 0.05184000078588724,
      "step": 0.006480000447481871,
      "numSteps": 2
    }
  }
}