{
  "setEffects": [
    {
      "numRequired": 2,
      "passiveStats": {
        "brEff_": 0.1600000001490116
      },
      "otherStats": [
        0.1600000001490116,
        145,
        0.20000000018626451
      ]
    }
  ]
}