{
  "auto": [
    [
      0.351792,
      0.378176,
      0.404561,
      0.43974,
      0.466124,
      0.492509,
      0.527688,
      0.562867,
      0.598046,
      0.633226,
      0.668405,
      0.703584,
      0.747558,
      0.791532,
      0.835506
    ],
    [
      0.296336,
      0.318561,
      0.340786,
      0.37042,
      0.392645,
      0.41487,
      0.444504,
      0.474138,
      0.503771,
      0.533405,
      0.563038,
      0.592672,
      0.629714,
      0.666756,
      0.703798
    ],
    [
      0.46188,
      0.496521,
      0.531162,
      0.57735,
      0.611991,
      0.646632,
      0.69282,
      0.739008,
      0.785196,
      0.831384,
      0.877572,
      0.92376,
      0.981495,
      1.03923,
      1.096965
    ],
    [
      1.1232,
      1.20744,
      1.29168,
      1.404,
      1.48824,
      1.57248,
      1.6848,
      1.79712,
      1.90944,
      2.02176,
      2.13408,
      2.2464,
      2.3868,
      2.5272,
      2.6676
    ],
    [
      50,
      50,
      50,
      50,
      50,
      50,
      50,
      50,
      50,
      50,
      50,
      50,
      50,
      50,
      50
    ],
    [
      0.568288,
      0.614544,
      0.6608,
      0.72688,
      0.773136,
      0.826,
      0.898688,
      0.971376,
      1.044064,
      1.12336,
      1.202656,
      1.281952,
      1.361248,
      1.440544,
      1.51984
    ],
    [
      1.136335,
      1.228828,
      1.32132,
      1.453452,
      1.545944,
      1.65165,
      1.796995,
      1.94234,
      2.087686,
      2.246244,
      2.404802,
      2.563361,
      2.721919,
      2.880478,
      3.039036
    ],
    [
      1.419344,
      1.534872,
      1.6504,
      1.81544,
      1.930968,
      2.063,
      2.244544,
      2.426088,
      2.607632,
      2.80568,
      3.003728,
      3.201776,
      3.399824,
      3.597872,
      3.79592
    ]
  ],
  "skill": [
    [
      1.384,
      1.4878,
      1.5916,
      1.73,
      1.8338,
      1.9376,
      2.076,
      2.2144,
      2.3528,
      2.4912,
      2.6296,
      2.768,
      2.941,
      3.114,
      3.287
    ],
    [
      2.21184,
      2.377728,
      2.543616,
      2.7648,
      2.930688,
      3.096576,
      3.31776,
      3.538944,
      3.760128,
      3.981312,
      4.202496,
      4.42368,
      4.70016,
      4.97664,
      5.25312
    ],
    [
      1386.6697,
      1525.356,
      1675.5994,
      1837.4,
      2010.7578,
      2195.6729,
      2392.145,
      2600.1743,
      2819.761,
      3050.9045,
      3293.6055,
      3547.8638,
      3813.679,
      4091.0515,
      4379.981
    ],
    [
      20,
      20,
      20,
      20,
      20,
      20,
      20,
      20,
      20,
      20,
      20,
      20,
      20,
      20,
      20
    ],
    [
      0.0825,
      0.09,
      0.0975,
      0.105,
      0.1125,
      0.12,
      0.1275,
      0.135,
      0.1425,
      0.15,
      0.159,
      0.168,
      0.177,
      0.186,
      0.195
    ],
    [
      330,
      360,
      390,
      420,
      450,
      480,
      510,
      540,
      570,
      600,
      636,
      672,
      708,
      744,
      780
    ],
    [
      20,
      20,
      20,
      20,
      20,
      20,
      20,
      20,
      20,
      20,
      20,
      20,
      20,
      20,
      20
    ],
    [
      16,
      16,
      16,
      16,
      16,
      16,
      16,
      16,
      16,
      16,
      16,
      16,
      16,
      16,
      16
    ]
  ],
  "burst": [
    [
      3.168,
      3.4056,
      3.6432,
      3.96,
      4.1976,
      4.4352,
      4.752,
      5.0688,
      5.3856,
      5.7024,
      6.0192,
      6.336,
      6.732,
      7.128,
      7.524
    ],
    [
      0.99,
      1.08,
      1.17,
      1.26,
      1.35,
      1.44,
      1.53,
      1.62,
      1.71,
      1.8,
      1.908,
      2.016,
      2.124,
      2.232,
      2.34
    ],
    [
      4,
      4,
      4,
      4,
      4,
      4,
      4,
      4,
      4,
      4,
      4,
      4,
      4,
      4,
      4
    ],
    [
      20,
      20,
      20,
      20,
      20,
      20,
      20,
      20,
      20,
      20,
      20,
      20,
      20,
      20,
      20
    ],
    [
      15,
      15,
      15,
      15,
      15,
      15,
      15,
      15,
      15,
      15,
      15,
      15,
      15,
      15,
      15
    ],
    [
      60,
      60,
      60,
      60,
      60,
      60,
      60,
      60,
      60,
      60,
      60,
      60,
      60,
      60,
      60
    ]
  ],
  "passive1": [
    [
      20
    ],
    [
      3
    ],
    [
      300
    ]
  ],
  "passive2": [
    [
      8
    ]
  ],
  "passive3": [
    [
      5
    ]
  ],
  "lockedPassive": [
    [
      3
    ]
  ],
  "constellation1": [
    6,
    6
  ],
  "constellation2": [
    300,
    0.25
  ],
  "constellation3": [],
  "constellation4": [
    20,
    16,
    0.7,
    8
  ],
  "constellation5": [],
  "constellation6": [
    0.4
  ],
  "upgradeableSkills": []
}