{
  "auto": [
    [
      0.512173,
      0.553862,
      0.59555,
      0.655105,
      0.696793,
      0.744438,
      0.809948,
      0.875459,
      0.940969,
      1.012435,
      1.083901,
      1.155367,
      1.226833,
      1.298299,
      1.369765
    ],
    [
      0.484834,
      0.524297,
      0.56376,
      0.620136,
      0.659599,
      0.7047,
      0.766714,
      0.828727,
      0.890741,
      0.958392,
      1.026043,
      1.093694,
      1.161346,
      1.228997,
      1.296648
    ],
    [
      0.729736,
      0.789133,
      0.84853,
      0.933383,
      0.99278,
      1.060663,
      1.154001,
      1.247339,
      1.340677,
      1.442501,
      1.544325,
      1.646148,
      1.747972,
      1.849795,
      1.951619
    ],
    [
      0.4773,
      0.51615,
      0.555,
      0.6105,
      0.64935,
      0.69375,
      0.7548,
      0.81585,
      0.8769,
      0.9435,
      1.0101,
      1.0767,
      1.1433,
      1.2099,
      1.2765
    ],
    [
      0.52546,
      0.56823,
      0.611,
      0.6721,
      0.71487,
      0.76375,
      0.83096,
      0.89817,
      0.96538,
      1.0387,
      1.11202,
      1.18534,
      1.25866,
      1.33198,
      1.4053
    ],
    [
      20,
      20,
      20,
      20,
      20,
      20,
      20,
      20,
      20,
      20,
      20,
      20,
      20,
      20,
      20
    ],
    [
      0.639324,
      0.691362,
      0.7434,
      0.81774,
      0.869778,
      0.92925,
      1.011024,
      1.092798,
      1.174572,
      1.26378,
      1.352988,
      1.442196,
      1.531404,
      1.620612,
      1.70982
    ],
    [
      1.278377,
      1.382431,
      1.486485,
      1.635134,
      1.739187,
      1.858106,
      2.02162,
      2.185133,
      2.348646,
      2.527025,
      2.705403,
      2.883781,
      3.062159,
      3.240537,
      3.418915
    ],
    [
      1.596762,
      1.726731,
      1.8567,
      2.04237,
      2.172339,
      2.320875,
      2.525112,
      2.729349,
      2.933586,
      3.15639,
      3.379194,
      3.601998,
      3.824802,
      4.047606,
      4.27041
    ]
  ],
  "skill": [
    [
      0.128,
      0.1376,
      0.1472,
      0.16,
      0.1696,
      0.1792,
      0.192,
      0.2048,
      0.2176,
      0.2304,
      0.2432,
      0.256,
      0.272,
      0.288,
      0.304
    ],
    [
      0.1472,
      0.15824,
      0.16928,
      0.184,
      0.19504,
      0.20608,
      0.2208,
      0.23552,
      0.25024,
      0.26496,
      0.27968,
      0.2944,
      0.3128,
      0.3312,
      0.3496
    ],
    [
      0.108,
      0.1161,
      0.1242,
      0.135,
      0.1431,
      0.1512,
      0.162,
      0.1728,
      0.1836,
      0.1944,
      0.2052,
      0.216,
      0.2295,
      0.243,
      0.2565
    ],
    [
      1040.007,
      1144.0221,
      1256.7052,
      1378.05615234375,
      1508.0751,
      1646.762,
      1794.1167,
      1950.1394,
      2114.83,
      2288.188720703125,
      2470.215,
      2660.90966796875,
      2860.272,
      3068.30224609375,
      3285.00048828125
    ],
    [
      12,
      12,
      12,
      12,
      12,
      12,
      12,
      12,
      12,
      12,
      12,
      12,
      12,
      12,
      12
    ],
    [
      12,
      12,
      12,
      12,
      12,
      12,
      12,
      12,
      12,
      12,
      12,
      12,
      12,
      12,
      12
    ]
  ],
  "burst": [
    [
      0.046488,
      0.049975,
      0.053461,
      0.05811,
      0.061597,
      0.065083,
      0.069732,
      0.074381,
      0.07903,
      0.083678,
      0.088327,
      0.092976,
      0.098787,
      0.104598,
      0.110409
    ],
    [
      12,
      12,
      12,
      12,
      12,
      12,
      12,
      12,
      12,
      12,
      12,
      12,
      12,
      12,
      12
    ],
    [
      12,
      12,
      12,
      12,
      12,
      12,
      12,
      12,
      12,
      12,
      12,
      12,
      12,
      12,
      12
    ],
    [
      40,
      40,
      40,
      40,
      40,
      40,
      40,
      40,
      40,
      40,
      40,
      40,
      40,
      40,
      40
    ]
  ],
  "passive1": [
    [
      0.06
    ]
  ],
  "passive2": [
    [
      0.015
    ]
  ],
  "passive3": [],
  "constellation1": [
    0.2,
    0.35,
    12
  ],
  "constellation2": [
    1
  ],
  "constellation3": [],
  "constellation4": [
    0.05,
    3,
    0.05
  ],
  "constellation5": [],
  "constellation6": [
    0.2,
    0.4
  ]
}