{
  "auto": [
    [
      0.486208,
      0.522674,
      0.559139,
      0.60776,
      0.644226,
      0.680691,
      0.729312,
      0.777933,
      0.826554,
      0.875174,
      0.923795,
      0.972416,
      1.033192,
      1.093968,
      1.154744
    ],
    [
      0.482808,
      0.519019,
      0.555229,
      0.60351,
      0.639721,
      0.675931,
      0.724212,
      0.772493,
      0.820774,
      0.869054,
      0.917335,
      0.965616,
      1.025967,
      1.086318,
      1.146669
    ],
    [
      0.679768,
      0.730751,
      0.781733,
      0.84971,
      0.900693,
      0.951675,
      1.019652,
      1.087629,
      1.155606,
      1.223582,
      1.291559,
      1.359536,
      1.444507,
      1.529478,
      1.614449
    ],
    [
      1.3352,
      1.43534,
      1.53548,
      1.669,
      1.76914,
      1.86928,
      2.0028,
      2.13632,
      2.26984,
      2.40336,
      2.53688,
      2.6704,
      2.8373,
      3.0042,
      3.1711
    ],
    [
      50,
      50,
      50,
      50,
      50,
      50,
      50,
      50,
      50,
      50,
      50,
      50,
      50,
      50,
      50
    ],
    [
      0.568288,
      0.614544,
      0.6608,
      0.72688,
      0.773136,
      0.826,
      0.898688,
      0.971376,
      1.044064,
      1.12336,
      1.202656,
      1.281952,
      1.361248,
      1.440544,
      1.51984
    ],
    [
      1.136335,
      1.228828,
      1.32132,
      1.453452,
      1.545944,
      1.65165,
      1.796995,
      1.94234,
      2.087686,
      2.246244,
      2.404802,
      2.563361,
      2.721919,
      2.880478,
      3.039036
    ],
    [
      1.419344,
      1.534872,
      1.6504,
      1.81544,
      1.930968,
      2.063,
      2.244544,
      2.426088,
      2.607632,
      2.80568,
      3.003728,
      3.201776,
      3.399824,
      3.597872,
      3.79592
    ]
  ],
  "skill": [
    [
      1.6744,
      1.79998,
      1.92556,
      2.093,
      2.21858,
      2.34416,
      2.5116,
      2.67904,
      2.84648,
      3.01392,
      3.18136,
      3.3488,
      3.5581,
      3.7674,
      3.9767
    ],
    [
      2.0456,
      2.19902,
      2.35244,
      2.557,
      2.71042,
      2.86384,
      3.0684,
      3.27296,
      3.47752,
      3.68208,
      3.88664,
      4.0912,
      4.3469,
      4.6026,
      4.8583
    ],
    [
      15,
      15,
      15,
      15,
      15,
      15,
      15,
      15,
      15,
      15,
      15,
      15,
      15,
      15,
      15
    ]
  ],
  "burst": [
    [
      0.9696,
      1.04232,
      1.11504,
      1.212,
      1.28472,
      1.35744,
      1.4544,
      1.55136,
      1.64832,
      1.74528,
      1.84224,
      1.9392,
      2.0604,
      2.1816,
      2.3028
    ],
    [
      0.7044,
      0.75723,
      0.81006,
      0.8805,
      0.93333,
      0.98616,
      1.0566,
      1.12704,
      1.19748,
      1.26792,
      1.33836,
      1.4088,
      1.49685,
      1.5849,
      1.67295
    ],
    [
      12,
      12,
      12,
      12,
      12,
      12,
      12,
      12,
      12,
      12,
      12,
      12,
      12,
      12,
      12
    ],
    [
      18,
      18,
      18,
      18,
      18,
      18,
      18,
      18,
      18,
      18,
      18,
      18,
      18,
      18,
      18
    ],
    [
      70,
      70,
      70,
      70,
      70,
      70,
      70,
      70,
      70,
      70,
      70,
      70,
      70,
      70,
      70
    ]
  ],
  "passive1": [
    [
      1.5
    ]
  ],
  "passive2": [
    [
      0.00025
    ],
    [
      5
    ],
    [
      0.5
    ],
    [
      2000
    ]
  ],
  "passive3": [],
  "lockedPassive": [
    [
      0.6
    ],
    [
      5
    ],
    [
      0.3
    ],
    [
      5
    ]
  ],
  "constellation1": [
    2
  ],
  "constellation2": [
    0.1,
    0.05,
    0.4
  ],
  "constellation3": [],
  "constellation4": [
    0.8
  ],
  "constellation5": [],
  "constellation6": [
    4,
    350,
    5
  ],
  "upgradeableSkills": []
}