{
  "auto": [
    [
      0.68376,
      0.735042,
      0.786324,
      0.8547,
      0.905982,
      0.957264,
      1.02564,
      1.094016,
      1.162392,
      1.230768,
      1.299144,
      1.36752,
      1.45299,
      1.53846,
      1.62393
    ],
    [
      0.615384,
      0.661538,
      0.707692,
      0.76923,
      0.815384,
      0.861538,
      0.923076,
      0.984614,
      1.046153,
      1.107691,
      1.16923,
      1.230768,
      1.307691,
      1.384614,
      1.461537
    ],
    [
      0.943056,
      1.013785,
      1.084514,
      1.17882,
      1.249549,
      1.320278,
      1.414584,
      1.50889,
      1.603195,
      1.697501,
      1.791806,
      1.886112,
      2.003994,
      2.121876,
      2.239758
    ],
    [
      1.4832,
      1.59444,
      1.70568,
      1.854,
      1.96524,
      2.07648,
      2.2248,
      2.37312,
      2.52144,
      2.66976,
      2.81808,
      2.9664,
      3.1518,
      3.3372,
      3.5226
    ],
    [
      50,
      50,
      50,
      50,
      50,
      50,
      50,
      50,
      50,
      50,
      50,
      50,
      50,
      50,
      50
    ],
    [
      0.568288,
      0.614544,
      0.6608,
      0.72688,
      0.773136,
      0.826,
      0.898688,
      0.971376,
      1.044064,
      1.12336,
      1.202656,
      1.281952,
      1.361248,
      1.440544,
      1.51984
    ],
    [
      1.136335,
      1.228828,
      1.32132,
      1.453452,
      1.545944,
      1.65165,
      1.796995,
      1.94234,
      2.087686,
      2.246244,
      2.404802,
      2.563361,
      2.721919,
      2.880478,
      3.039036
    ],
    [
      1.419344,
      1.534872,
      1.6504,
      1.81544,
      1.930968,
      2.063,
      2.244544,
      2.426088,
      2.607632,
      2.80568,
      3.003728,
      3.201776,
      3.399824,
      3.597872,
      3.79592
    ]
  ],
  "skill": [
    [
      0.044,
      0.0473,
      0.0506,
      0.055,
      0.0583,
      0.0616,
      0.066,
      0.0704,
      0.0748,
      0.0792,
      0.0836,
      0.088,
      0.0935,
      0.099,
      0.1045
    ],
    [
      423.7063,
      466.08282470703125,
      511.99072265625,
      561.43,
      614.400634765625,
      670.9026489257812,
      730.9361,
      794.5008544921875,
      861.5970458984375,
      932.2245483398438,
      1006.3835,
      1084.0737,
      1165.2954,
      1250.0485,
      1338.3329
    ],
    [
      1.091904,
      1.173797,
      1.25569,
      1.36488,
      1.446773,
      1.528666,
      1.637856,
      1.747046,
      1.856237,
      1.965427,
      2.074618,
      2.183808,
      2.320296,
      2.456784,
      2.593272
    ],
    [
      12,
      12,
      12,
      12,
      12,
      12,
      12,
      12,
      12,
      12,
      12,
      12,
      12,
      12,
      12
    ],
    [
      20,
      20,
      20,
      20,
      20,
      20,
      20,
      20,
      20,
      20,
      20,
      20,
      20,
      20,
      20
    ]
  ],
  "burst": [
    [
      0.10416,
      0.111972,
      0.119784,
      0.1302,
      0.138012,
      0.145824,
      0.15624,
      0.166656,
      0.177072,
      0.187488,
      0.197904,
      0.20832,
      0.22134,
      0.23436,
      0.24738
    ],
    [
      0.00808,
      0.008686,
      0.009292,
      0.0101,
      0.010706,
      0.011312,
      0.01212,
      0.012928,
      0.013736,
      0.014544,
      0.015352,
      0.01616,
      0.01717,
      0.01818,
      0.01919
    ],
    [
      77.03738,
      84.74218,
      93.08906,
      102.078,
      111.70901,
      121.98208618164062,
      132.89723,
      144.45445251464844,
      156.65373,
      169.49507,
      182.97848510742188,
      197.10397338867188,
      211.87152,
      227.28113,
      243.33281
    ],
    [
      0.0484,
      0.05203,
      0.05566,
      0.0605,
      0.06413,
      0.06776,
      0.0726,
      0.07744,
      0.08228,
      0.08712,
      0.09196,
      0.0968,
      0.10285,
      0.1089,
      0.11495
    ],
    [
      0.06776,
      0.072842,
      0.077924,
      0.0847,
      0.089782,
      0.094864,
      0.10164,
      0.108416,
      0.115192,
      0.121968,
      0.128744,
      0.13552,
      0.14399,
      0.15246,
      0.16093
    ],
    [
      10,
      10,
      10,
      10,
      10,
      10,
      10,
      10,
      10,
      10,
      10,
      10,
      10,
      10,
      10
    ],
    [
      18,
      18,
      18,
      18,
      18,
      18,
      18,
      18,
      18,
      18,
      18,
      18,
      18,
      18,
      18
    ],
    [
      70,
      70,
      70,
      70,
      70,
      70,
      70,
      70,
      70,
      70,
      70,
      70,
      70,
      70,
      70
    ],
    [
      0.070963,
      0.076285,
      0.081608,
      0.088704,
      0.094026,
      0.099348,
      0.106445,
      0.113541,
      0.120637,
      0.127734,
      0.13483,
      0.141926,
      0.150797,
      0.159667,
      0.168538
    ]
  ],
  "passive1": [],
  "passive2": [
    [
      0.15
    ]
  ],
  "passive3": [],
  "passive": [],
  "constellation1": [
    0.3
  ],
  "constellation2": [
    0.5,
    0.045,
    0.006
  ],
  "constellation3": [],
  "constellation4": [
    0.1,
    0.8
  ],
  "constellation5": [],
  "constellation6": [
    0.8,
    0.4,
    4
  ]
}