{
  "auto": [
    [
      0.373704,
      0.401732,
      0.42976,
      0.46713,
      0.495158,
      0.523186,
      0.560556,
      0.597926,
      0.635297,
      0.672667,
      0.710038,
      0.747408,
      0.794121,
      0.840834,
      0.887547
    ],
    [
      0.364248,
      0.391567,
      0.418885,
      0.45531,
      0.482629,
      0.509947,
      0.546372,
      0.582797,
      0.619222,
      0.655646,
      0.692071,
      0.728496,
      0.774027,
      0.819558,
      0.865089
    ],
    [
      0.225416,
      0.242322,
      0.259228,
      0.28177,
      0.298676,
      0.315582,
      0.338124,
      0.360666,
      0.383207,
      0.405749,
      0.42829,
      0.450832,
      0.479009,
      0.507186,
      0.535363
    ],
    [
      0.541376,
      0.581979,
      0.622582,
      0.67672,
      0.717323,
      0.757926,
      0.812064,
      0.866202,
      0.920339,
      0.974477,
      1.028614,
      1.082752,
      1.150424,
      1.218096,
      1.285768
    ],
    [
      1.2104,
      1.30118,
      1.39196,
      1.513,
      1.60378,
      1.69456,
      1.8156,
      1.93664,
      2.05768,
      2.17872,
      2.29976,
      2.4208,
      2.5721,
      2.7234,
      2.8747
    ],
    [
      50,
      50,
      50,
      50,
      50,
      50,
      50,
      50,
      50,
      50,
      50,
      50,
      50,
      50,
      50
    ],
    [
      0.568288,
      0.614544,
      0.6608,
      0.72688,
      0.773136,
      0.826,
      0.898688,
      0.971376,
      1.044064,
      1.12336,
      1.202656,
      1.281952,
      1.361248,
      1.440544,
      1.51984
    ],
    [
      1.136335,
      1.228828,
      1.32132,
      1.453452,
      1.545944,
      1.65165,
      1.796995,
      1.94234,
      2.087686,
      2.246244,
      2.404802,
      2.563361,
      2.721919,
      2.880478,
      3.039036
    ],
    [
      1.419344,
      1.534872,
      1.6504,
      1.81544,
      1.930968,
      2.063,
      2.244544,
      2.426088,
      2.607632,
      2.80568,
      3.003728,
      3.201776,
      3.399824,
      3.597872,
      3.79592
    ]
  ],
  "skill": [
    [
      0.792,
      0.8514,
      0.9108,
      0.99,
      1.0494,
      1.1088,
      1.188,
      1.2672,
      1.3464,
      1.4256,
      1.5048,
      1.584,
      1.683,
      1.782,
      1.881
    ],
    [
      0.08,
      0.086,
      0.092,
      0.1,
      0.106,
      0.112,
      0.12,
      0.128,
      0.136,
      0.144,
      0.152,
      0.16,
      0.17,
      0.18,
      0.19
    ],
    [
      770.3755,
      847.4237670898438,
      930.8927,
      1020.7823486328125,
      1117.0926513671875,
      1219.8236,
      1328.975341796875,
      1444.5477,
      1566.5408,
      1694.9546,
      1829.7891,
      1971.0442,
      2118.72,
      2272.81640625,
      2433.333740234375
    ],
    [
      10,
      10,
      10,
      10,
      10,
      10,
      10,
      10,
      10,
      10,
      10,
      10,
      10,
      10,
      10
    ]
  ],
  "burst": [
    [
      0.008,
      0.0086,
      0.0092,
      0.01,
      0.0106,
      0.0112,
      0.012,
      0.0128,
      0.0136,
      0.0144,
      0.0152,
      0.016,
      0.017,
      0.018,
      0.019
    ],
    [
      77.03752,
      84.74235,
      93.08924,
      102.0782,
      111.70923,
      121.98233,
      132.89749,
      144.45472717285156,
      156.65403747558594,
      169.4954,
      182.97885,
      197.10435485839844,
      211.87193298339844,
      227.28157,
      243.3333
    ],
    [
      2.5,
      2.5,
      2.5,
      2.5,
      2.5,
      2.5,
      2.5,
      2.5,
      2.5,
      2.5,
      2.5,
      2.5,
      2.5,
      2.5,
      2.5
    ],
    [
      2.5,
      2.5,
      2.5,
      2.5,
      2.5,
      2.5,
      2.5,
      2.5,
      2.5,
      2.5,
      2.5,
      2.5,
      2.5,
      2.5,
      2.5
    ],
    [
      0.052,
      0.0559,
      0.0598,
      0.065,
      0.0689,
      0.0728,
      0.078,
      0.0832,
      0.0884,
      0.0936,
      0.0988,
      0.104,
      0.1105,
      0.117,
      0.1235
    ],
    [
      500.74407958984375,
      550.825439453125,
      605.0802612304688,
      663.508544921875,
      726.1102,
      792.8854,
      863.834,
      938.9560546875,
      1018.2515,
      1101.720458984375,
      1189.3629,
      1281.1787,
      1377.168,
      1477.3307,
      1581.6669
    ],
    [
      0.97064,
      1.043438,
      1.116236,
      1.2133,
      1.286098,
      1.358896,
      1.45596,
      1.553024,
      1.650088,
      1.747152,
      1.844216,
      1.94128,
      2.06261,
      2.18394,
      2.30527
    ],
    [
      14,
      14,
      14,
      14,
      14,
      14,
      14,
      14,
      14,
      14,
      14,
      14,
      14,
      14,
      14
    ],
    [
      20,
      20,
      20,
      20,
      20,
      20,
      20,
      20,
      20,
      20,
      20,
      20,
      20,
      20,
      20
    ],
    [
      80,
      80,
      80,
      80,
      80,
      80,
      80,
      80,
      80,
      80,
      80,
      80,
      80,
      80,
      80
    ]
  ],
  "passive1": [
    [
      0.5
    ],
    [
      0.2
    ],
    [
      0.25
    ]
  ],
  "passive2": [
    [
      6
    ],
    [
      0.02
    ],
    [
      0.008
    ],
    [
      50000
    ]
  ],
  "passive3": [
    [
      0.025
    ]
  ],
  "constellation1": [],
  "constellation2": [
    1,
    2.5,
    0.2,
    5
  ],
  "constellation3": [],
  "constellation4": [
    80,
    15
  ],
  "constellation5": [],
  "constellation6": [
    1,
    0.08
  ]
}