{
  "auto": [
    [
      0.44726,
      0.483665,
      0.52007,
      0.572077,
      0.608482,
      0.650088,
      0.707295,
      0.764503,
      0.821711,
      0.884119,
      0.946527,
      1.008936,
      1.071344,
      1.133753,
      1.196161
    ],
    [
      0.451483,
      0.488231,
      0.52498,
      0.577478,
      0.614227,
      0.656225,
      0.713973,
      0.771721,
      0.829468,
      0.892466,
      0.955464,
      1.018461,
      1.081459,
      1.144456,
      1.207454
    ],
    [
      0.559198,
      0.604714,
      0.65023,
      0.715253,
      0.760769,
      0.812787,
      0.884313,
      0.955838,
      1.027363,
      1.105391,
      1.183419,
      1.261446,
      1.339474,
      1.417501,
      1.495529
    ],
    [
      0.320389,
      0.346467,
      0.372545,
      0.4098,
      0.435878,
      0.465681,
      0.506661,
      0.547641,
      0.588621,
      0.633327,
      0.678032,
      0.722737,
      0.767443,
      0.812148,
      0.856853
    ],
    [
      0.767946,
      0.830453,
      0.89296,
      0.982256,
      1.044763,
      1.1162,
      1.214426,
      1.312651,
      1.410877,
      1.518032,
      1.625187,
      1.732342,
      1.839498,
      1.946653,
      2.053808
    ],
    [
      1.03028,
      1.11414,
      1.198,
      1.3178,
      1.40166,
      1.4975,
      1.62928,
      1.76106,
      1.89284,
      2.0366,
      2.18036,
      2.32412,
      2.46788,
      2.61164,
      2.7554
    ],
    [
      25,
      25,
      25,
      25,
      25,
      25,
      25,
      25,
      25,
      25,
      25,
      25,
      25,
      25,
      25
    ],
    [
      0.639324,
      0.691362,
      0.7434,
      0.81774,
      0.869778,
      0.92925,
      1.011024,
      1.092798,
      1.174572,
      1.26378,
      1.352988,
      1.442196,
      1.531404,
      1.620612,
      1.70982
    ],
    [
      1.278377,
      1.382431,
      1.486485,
      1.635134,
      1.739187,
      1.858106,
      2.02162,
      2.185133,
      2.348646,
      2.527025,
      2.705403,
      2.883781,
      3.062159,
      3.240537,
      3.418915
    ],
    [
      1.596762,
      1.726731,
      1.8567,
      2.04237,
      2.172339,
      2.320875,
      2.525112,
      2.729349,
      2.933586,
      3.15639,
      3.379194,
      3.601998,
      3.824802,
      4.047606,
      4.27041
    ]
  ],
  "skill": [
    [
      0.58248,
      0.626166,
      0.669852,
      0.7281,
      0.771786,
      0.815472,
      0.87372,
      0.931968,
      0.990216,
      1.048464,
      1.106712,
      1.16496,
      1.23777,
      1.31058,
      1.38339
    ],
    [
      0.587976,
      0.632074,
      0.676172,
      0.73497,
      0.779068,
      0.823166,
      0.881964,
      0.940762,
      0.999559,
      1.058357,
      1.117154,
      1.175952,
      1.249449,
      1.322946,
      1.396443
    ],
    [
      0.728256,
      0.782875,
      0.837494,
      0.91032,
      0.964939,
      1.019558,
      1.092384,
      1.16521,
      1.238035,
      1.310861,
      1.383686,
      1.456512,
      1.547544,
      1.638576,
      1.729608
    ],
    [
      0.417252,
      0.448546,
      0.47984,
      0.521565,
      0.552859,
      0.584153,
      0.625878,
      0.667603,
      0.709328,
      0.751054,
      0.792779,
      0.834504,
      0.88666,
      0.938817,
      0.990973
    ],
    [
      1.000112,
      1.07512,
      1.150129,
      1.25014,
      1.325148,
      1.400157,
      1.500168,
      1.600179,
      1.70019,
      1.800202,
      1.900213,
      2.000224,
      2.125238,
      2.250252,
      2.375266
    ],
    [
      1.1496,
      1.23582,
      1.32204,
      1.437,
      1.52322,
      1.60944,
      1.7244,
      1.83936,
      1.95432,
      2.06928,
      2.18424,
      2.2992,
      2.4429,
      2.5866,
      2.7303
    ],
    [
      1.784,
      1.9178,
      2.0516,
      2.23,
      2.3638,
      2.4976,
      2.676,
      2.8544,
      3.0328,
      3.2112,
      3.3896,
      3.568,
      3.791,
      4.014,
      4.237
    ],
    [
      6,
      6,
      6,
      6,
      6,
      6,
      6,
      6,
      6,
      6,
      6,
      6,
      6,
      6,
      6
    ],
    [
      10,
      10,
      10,
      10,
      10,
      10,
      10,
      10,
      10,
      10,
      10,
      10,
      10,
      10,
      10
    ],
    [
      16,
      16,
      16,
      16,
      16,
      16,
      16,
      16,
      16,
      16,
      16,
      16,
      16,
      16,
      16
    ]
  ],
  "burst": [
    [
      2.5984,
      2.79328,
      2.98816,
      3.248,
      3.44288,
      3.63776,
      3.8976,
      4.15744,
      4.41728,
      4.67712,
      4.93696,
      5.1968,
      5.5216,
      5.8464,
      6.1712
    ],
    [
      0.1624,
      0.17458,
      0.18676,
      0.203,
      0.21518,
      0.22736,
      0.2436,
      0.25984,
      0.27608,
      0.29232,
      0.30856,
      0.3248,
      0.3451,
      0.3654,
      0.3857
    ],
    [
      1.16928,
      1.256976,
      1.344672,
      1.4616,
      1.549296,
      1.636992,
      1.75392,
      1.870848,
      1.987776,
      2.104704,
      2.221632,
      2.33856,
      2.48472,
      2.63088,
      2.77704
    ],
    [
      80,
      80,
      80,
      80,
      80,
      80,
      80,
      80,
      80,
      80,
      80,
      80,
      80,
      80,
      80
    ],
    [
      20,
      20,
      20,
      20,
      20,
      20,
      20,
      20,
      20,
      20,
      20,
      20,
      20,
      20,
      20
    ],
    [
      0.71456,
      0.768152,
      0.821744,
      0.8932,
      0.946792,
      1.000384,
      1.07184,
      1.143296,
      1.214752,
      1.286208,
      1.357664,
      1.42912,
      1.51844,
      1.60776,
      1.69708
    ],
    [
      1.03936,
      1.117312,
      1.195264,
      1.2992,
      1.377152,
      1.455104,
      1.55904,
      1.662976,
      1.766912,
      1.870848,
      1.974784,
      2.07872,
      2.20864,
      2.33856,
      2.46848
    ],
    [
      30,
      30,
      30,
      30,
      30,
      30,
      30,
      30,
      30,
      30,
      30,
      30,
      30,
      30,
      30
    ]
  ],
  "passive1": [
    [
      0.2
    ]
  ],
  "passive2": [
    [
      0.08
    ],
    [
      160
    ]
  ],
  "passive3": [
    [
      0.007
    ],
    [
      0.14
    ]
  ],
  "passive": [],
  "constellation1": [
    8,
    5.5
  ],
  "constellation2": [
    0.5,
    6,
    0.25,
    7
  ],
  "constellation3": [],
  "constellation4": [
    0.2,
    0.1,
    220
  ],
  "constellation5": [],
  "constellation6": [
    0.35,
    0.1
  ]
}