{
  "auto": [
    [
      0.50642, 0.54764, 0.58886, 0.647746, 0.688966, 0.736075, 0.80085,
      0.865624, 0.930399, 1.001062, 1.071725, 1.142388, 1.213052, 1.283715,
      1.354378
    ],
    [
      0.443734, 0.479852, 0.51597, 0.567567, 0.603685, 0.644963, 0.701719,
      0.758476, 0.815233, 0.877149, 0.939065, 1.000982, 1.062898, 1.124815,
      1.186731
    ],
    [
      0.698208, 0.755039, 0.81187, 0.893057, 0.949888, 1.014838, 1.104143,
      1.193449, 1.282755, 1.380179, 1.477603, 1.575028, 1.672452, 1.769877,
      1.867301
    ],
    [
      0.4386, 0.4743, 0.51, 0.561, 0.5967, 0.6375, 0.6936, 0.7497, 0.8058,
      0.867, 0.9282, 0.9894, 1.0506, 1.1118, 1.173
    ],
    [
      1.24, 1.333, 1.426, 1.55, 1.643, 1.736, 1.86, 1.984, 2.108, 2.232, 2.356,
      2.48, 2.635, 2.79, 2.945
    ],
    [
      0.568288, 0.614544, 0.6608, 0.72688, 0.773136, 0.826, 0.898688, 0.971376,
      1.044064, 1.12336, 1.202656, 1.281952, 1.361248, 1.440544, 1.51984
    ],
    [
      1.136335, 1.228828, 1.32132, 1.453452, 1.545944, 1.65165, 1.796995,
      1.94234, 2.087686, 2.246244, 2.404802, 2.563361, 2.721919, 2.880478,
      3.039036
    ],
    [
      1.419344, 1.534872, 1.6504, 1.81544, 1.930968, 2.063, 2.244544, 2.426088,
      2.607632, 2.80568, 3.003728, 3.201776, 3.399824, 3.597872, 3.79592
    ]
  ],
  "skill": [
    [
      1.976, 2.1242, 2.2724, 2.47, 2.6182, 2.7664, 2.964, 3.1616, 3.3592,
      3.5568, 3.7544, 3.952, 4.199, 4.446, 4.693
    ],
    [15, 15, 15, 15, 15, 15, 15, 15, 15, 15, 15, 15, 15, 15, 15]
  ],
  "burst": [
    [
      1.74384, 1.874628, 2.005416, 2.1798, 2.310588, 2.441376, 2.61576,
      2.790144, 2.964528, 3.138912, 3.313296, 3.48768, 3.70566, 3.92364, 4.14162
    ],
    [
      0.332, 0.3569, 0.3818, 0.415, 0.4399, 0.4648, 0.498, 0.5312, 0.5644,
      0.5976, 0.6308, 0.664, 0.7055, 0.747, 0.7885
    ],
    [9, 9, 9, 9, 9, 9, 9, 9, 9, 9, 9, 9, 9, 9, 9],
    [15, 15, 15, 15, 15, 15, 15, 15, 15, 15, 15, 15, 15, 15, 15],
    [60, 60, 60, 60, 60, 60, 60, 60, 60, 60, 60, 60, 60, 60, 60]
  ],
  "passive1": [[40], [1.6], [10], [6]],
  "passive2": [[15], [3], [3], [1], [3]],
  "passive3": [],
  "passive": [],
  "constellation1": [0.5, 12],
  "constellation2": [0.08, 0.16, 0.24, 0.32, 0.4, 9],
  "constellation3": [],
  "constellation4": [8],
  "constellation5": [],
  "constellation6": [0.1, 9, 3, 2]
}
