{
  "auto": [
    [
      0.3784,
      0.40678,
      0.43516,
      0.473,
      0.50138,
      0.52976,
      0.5676,
      0.60544,
      0.64328,
      0.68112,
      0.720474,
      0.771936,
      0.823398,
      0.874861,
      0.926323
    ],
    [
      0.3552,
      0.38184,
      0.40848,
      0.444,
      0.47064,
      0.49728,
      0.5328,
      0.56832,
      0.60384,
      0.63936,
      0.676301,
      0.724608,
      0.772915,
      0.821222,
      0.86953
    ],
    [
      0.4104,
      0.44118,
      0.47196,
      0.513,
      0.54378,
      0.57456,
      0.6156,
      0.65664,
      0.69768,
      0.73872,
      0.781402,
      0.837216,
      0.89303,
      0.948845,
      1.004659
    ],
    [
      0.552,
      0.5934,
      0.6348,
      0.69,
      0.7314,
      0.7728,
      0.828,
      0.8832,
      0.9384,
      0.9936,
      1.051008,
      1.12608,
      1.201152,
      1.276224,
      1.351296
    ],
    [
      1.6624,
      1.78708,
      1.91176,
      2.078,
      2.20268,
      2.32736,
      2.4936,
      2.65984,
      2.82608,
      2.99232,
      3.16521,
      3.391296,
      3.617382,
      3.843469,
      4.069555
    ],
    [
      50,
      50,
      50,
      50,
      50,
      50,
      50,
      50,
      50,
      50,
      50,
      50,
      50,
      50,
      50
    ],
    [
      0.568288,
      0.614544,
      0.6608,
      0.72688,
      0.773136,
      0.826,
      0.898688,
      0.971376,
      1.044064,
      1.12336,
      1.202656,
      1.281952,
      1.361248,
      1.440544,
      1.51984
    ],
    [
      1.136335,
      1.228828,
      1.32132,
      1.453452,
      1.545944,
      1.65165,
      1.796995,
      1.94234,
      2.087686,
      2.246244,
      2.404802,
      2.563361,
      2.721919,
      2.880478,
      3.039036
    ],
    [
      1.419344,
      1.534872,
      1.6504,
      1.81544,
      1.930968,
      2.063,
      2.244544,
      2.426088,
      2.607632,
      2.80568,
      3.003728,
      3.201776,
      3.399824,
      3.597872,
      3.79592
    ]
  ],
  "skill": [
    [
      0.04,
      0.043,
      0.046,
      0.05,
      0.053,
      0.056,
      0.06,
      0.064,
      0.068,
      0.072,
      0.076,
      0.08,
      0.085,
      0.09,
      0.095
    ],
    [
      385.187744140625,
      423.7118835449219,
      465.44635009765625,
      510.39117431640625,
      558.5463,
      609.9118,
      664.4877,
      722.2738647460938,
      783.2704,
      847.4773,
      914.89453125,
      985.5221,
      1059.36,
      1136.4082,
      1216.6669
    ],
    [
      0.0075,
      0.008063,
      0.008625,
      0.009375,
      0.009938,
      0.0105,
      0.01125,
      0.012,
      0.01275,
      0.0135,
      0.01425,
      0.015,
      0.015938,
      0.016875,
      0.017812
    ],
    [
      72.2227,
      79.44598,
      87.27119445800781,
      95.69834,
      104.72743,
      114.35847,
      124.59144,
      135.4263458251953,
      146.8632,
      158.902,
      171.542724609375,
      184.78538513183594,
      198.63,
      213.07655334472656,
      228.12503
    ],
    [
      0.584,
      0.6278,
      0.6716,
      0.73,
      0.7738,
      0.8176,
      0.876,
      0.9344,
      0.9928,
      1.0512,
      1.1096,
      1.168,
      1.241,
      1.314,
      1.387
    ],
    [
      15,
      15,
      15,
      15,
      15,
      15,
      15,
      15,
      15,
      15,
      15,
      15,
      15,
      15,
      15
    ],
    [
      32,
      32,
      32,
      32,
      32,
      32,
      32,
      32,
      32,
      32,
      32,
      32,
      32,
      32,
      32
    ]
  ],
  "burst": [
    [
      0.176,
      0.1892,
      0.2024,
      0.22,
      0.2332,
      0.2464,
      0.264,
      0.2816,
      0.2992,
      0.3168,
      0.3344,
      0.352,
      0.374,
      0.396,
      0.418
    ],
    [
      1694.2818603515625,
      1863.733642578125,
      2047.3063,
      2245,
      2456.814697265625,
      2682.750244140625,
      2922.807,
      3176.984619140625,
      3445.283203125,
      3727.70263671875,
      4024.2431640625,
      4334.905,
      4659.687,
      4998.591,
      5351.615
    ],
    [
      20,
      20,
      20,
      20,
      20,
      20,
      20,
      20,
      20,
      20,
      20,
      20,
      20,
      20,
      20
    ],
    [
      80,
      80,
      80,
      80,
      80,
      80,
      80,
      80,
      80,
      80,
      80,
      80,
      80,
      80,
      80
    ]
  ],
  "passive1": [
    [
      0.12
    ]
  ],
  "passive2": [
    [
      1
    ],
    [
      5
    ]
  ],
  "passive3": [],
  "constellation1": [],
  "constellation2": [],
  "constellation3": [],
  "constellation4": [],
  "constellation5": [],
  "constellation6": []
}