{
  "auto": [
    [
      0.37754,
      0.40827,
      0.439,
      0.4829,
      0.51363,
      0.54875,
      0.59704,
      0.64533,
      0.69362,
      0.7463,
      0.79898,
      0.85166,
      0.90434,
      0.95702,
      1.0097
    ],
    [
      0.38872,
      0.42036,
      0.452,
      0.4972,
      0.52884,
      0.565,
      0.61472,
      0.66444,
      0.71416,
      0.7684,
      0.82264,
      0.87688,
      0.93112,
      0.98536,
      1.0396
    ],
    [
      0.24166,
      0.26133,
      0.281,
      0.3091,
      0.32877,
      0.35125,
      0.38216,
      0.41307,
      0.44398,
      0.4777,
      0.51142,
      0.54514,
      0.57886,
      0.61258,
      0.6463
    ],
    [
      0.24682,
      0.26691,
      0.287,
      0.3157,
      0.33579,
      0.35875,
      0.39032,
      0.42189,
      0.45346,
      0.4879,
      0.52234,
      0.55678,
      0.59122,
      0.62566,
      0.6601
    ],
    [
      0.63038,
      0.68169,
      0.733,
      0.8063,
      0.85761,
      0.91625,
      0.99688,
      1.07751,
      1.15814,
      1.2461,
      1.33406,
      1.42202,
      1.50998,
      1.59794,
      1.6859
    ],
    [
      0.64328,
      0.69564,
      0.748,
      0.8228,
      0.87516,
      0.935,
      1.01728,
      1.09956,
      1.18184,
      1.2716,
      1.36136,
      1.45112,
      1.54088,
      1.63064,
      1.7204
    ],
    [
      20,
      20,
      20,
      20,
      20,
      20,
      20,
      20,
      20,
      20,
      20,
      20,
      20,
      20,
      20
    ],
    [
      0.639324,
      0.691362,
      0.7434,
      0.81774,
      0.869778,
      0.92925,
      1.011024,
      1.092798,
      1.174572,
      1.26378,
      1.352988,
      1.442196,
      1.531404,
      1.620612,
      1.70982
    ],
    [
      1.278377,
      1.382431,
      1.486485,
      1.635134,
      1.739187,
      1.858106,
      2.02162,
      2.185133,
      2.348646,
      2.527025,
      2.705403,
      2.883781,
      3.062159,
      3.240537,
      3.418915
    ],
    [
      1.596762,
      1.726731,
      1.8567,
      2.04237,
      2.172339,
      2.320875,
      2.525112,
      2.729349,
      2.933586,
      3.15639,
      3.379194,
      3.601998,
      3.824802,
      4.047606,
      4.27041
    ]
  ],
  "skill": [
    [
      0.1056,
      0.11352,
      0.12144,
      0.132,
      0.13992,
      0.14784,
      0.1584,
      0.16896,
      0.17952,
      0.19008,
      0.20064,
      0.2112,
      0.2244,
      0.2376,
      0.2508
    ],
    [
      67.40786,
      74.14957427978516,
      81.45311,
      89.31845,
      97.74560546875,
      106.73457,
      116.28535,
      126.39793,
      137.07232666015625,
      148.30853271484375,
      160.10653686523438,
      172.46637,
      185.388,
      198.87144470214844,
      212.9167
    ],
    [
      0.696,
      0.7482,
      0.8004,
      0.87,
      0.9222,
      0.9744,
      1.044,
      1.1136,
      1.1832,
      1.2528,
      1.3224,
      1.392,
      1.479,
      1.566,
      1.653
    ],
    [
      450.5507,
      495.612,
      544.428466796875,
      597,
      653.32666015625,
      713.408447265625,
      777.2453,
      844.8373413085938,
      916.1844482421875,
      991.2866,
      1070.1439,
      1152.75634765625,
      1239.1239,
      1329.2466,
      1423.1244
    ],
    [
      0.36,
      0.387,
      0.414,
      0.45,
      0.477,
      0.504,
      0.54,
      0.576,
      0.612,
      0.648,
      0.684,
      0.72,
      0.765,
      0.81,
      0.855
    ],
    [
      15,
      15,
      15,
      15,
      15,
      15,
      15,
      15,
      15,
      15,
      15,
      15,
      15,
      15,
      15
    ],
    [
      30,
      30,
      30,
      30,
      30,
      30,
      30,
      30,
      30,
      30,
      30,
      30,
      30,
      30,
      30
    ],
    [
      0.96,
      1.032,
      1.104,
      1.2,
      1.272,
      1.344,
      1.44,
      1.536,
      1.632,
      1.728,
      1.824,
      1.92,
      2.04,
      2.16,
      2.28
    ]
  ],
  "burst": [
    [
      0.9,
      0.9675,
      1.035,
      1.125,
      1.1925,
      1.26,
      1.35,
      1.44,
      1.53,
      1.62,
      1.71,
      1.8,
      1.9125,
      2.025,
      2.1375
    ],
    [
      577.3388,
      635.0807,
      697.6344604492188,
      765,
      837.1773681640625,
      914.1665649414062,
      995.9676513671875,
      1082.5804443359375,
      1174.0051,
      1270.2417,
      1371.29,
      1477.150146484375,
      1587.8221435546875,
      1703.3059,
      1823.6016
    ],
    [
      2.848,
      3.0616,
      3.2752,
      3.56,
      3.7736,
      3.9872,
      4.272,
      4.5568,
      4.8416,
      5.1264,
      5.4112,
      5.696,
      6.052,
      6.408,
      6.764
    ],
    [
      15,
      15,
      15,
      15,
      15,
      15,
      15,
      15,
      15,
      15,
      15,
      15,
      15,
      15,
      15
    ],
    [
      20,
      20,
      20,
      20,
      20,
      20,
      20,
      20,
      20,
      20,
      20,
      20,
      20,
      20,
      20
    ],
    [
      80,
      80,
      80,
      80,
      80,
      80,
      80,
      80,
      80,
      80,
      80,
      80,
      80,
      80,
      80
    ]
  ],
  "passive1": [],
  "passive2": [],
  "passive3": [],
  "constellation1": [],
  "constellation2": [],
  "constellation3": [],
  "constellation4": [],
  "constellation5": [],
  "constellation6": []
}