{
  "auto": [
    [
      0.526139, 0.568965, 0.61179, 0.672969, 0.715794, 0.764737, 0.832034,
      0.899331, 0.966628, 1.040043, 1.113458, 1.186873, 1.260287, 1.333702,
      1.407117
    ],
    [
      0.237962, 0.257331, 0.2767, 0.30437, 0.323739, 0.345875, 0.376312,
      0.406749, 0.437186, 0.47039, 0.503594, 0.536798, 0.570002, 0.603206,
      0.63641
    ],
    [
      0.266084, 0.287742, 0.3094, 0.34034, 0.361998, 0.38675, 0.420784,
      0.454818, 0.488852, 0.52598, 0.563108, 0.600236, 0.637364, 0.674492,
      0.71162
    ],
    [
      0.739867, 0.800088, 0.86031, 0.946341, 1.006563, 1.075387, 1.170022,
      1.264656, 1.35929, 1.462527, 1.565764, 1.669001, 1.772239, 1.875476,
      1.978713
    ],
    [
      0.4386, 0.4743, 0.51, 0.561, 0.5967, 0.6375, 0.6936, 0.7497, 0.8058,
      0.867, 0.9282, 0.9894, 1.0506, 1.1118, 1.173
    ],
    [
      1.24, 1.333, 1.426, 1.55, 1.643, 1.736, 1.86, 1.984, 2.108, 2.232, 2.356,
      2.48, 2.635, 2.79, 2.945
    ],
    [
      1.4, 1.505, 1.61, 1.75, 1.855, 1.96, 2.1, 2.24, 2.38, 2.52, 2.66, 2.8,
      2.975, 3.15, 3.325
    ],
    [
      1.3456, 1.44652, 1.54744, 1.682, 1.78292, 1.88384, 2.0184, 2.15296,
      2.28752, 2.42208, 2.55664, 2.6912, 2.8594, 3.0276, 3.1958
    ],
    [
      0.568288, 0.614544, 0.6608, 0.72688, 0.773136, 0.826, 0.898688, 0.971376,
      1.044064, 1.12336, 1.202656, 1.281952, 1.361248, 1.440544, 1.51984
    ],
    [
      1.136335, 1.228828, 1.32132, 1.453452, 1.545944, 1.65165, 1.796995,
      1.94234, 2.087686, 2.246244, 2.404802, 2.563361, 2.721919, 2.880478,
      3.039036
    ],
    [
      1.419344, 1.534872, 1.6504, 1.81544, 1.930968, 2.063, 2.244544, 2.426088,
      2.607632, 2.80568, 3.003728, 3.201776, 3.399824, 3.597872, 3.79592
    ]
  ],
  "skill": [
    [
      1.156, 1.2427, 1.3294, 1.445, 1.5317, 1.6184, 1.734, 1.8496, 1.9652,
      2.0808, 2.1964, 2.312, 2.4565, 2.601, 2.7455
    ],
    [12, 12, 12, 12, 12, 12, 12, 12, 12, 12, 12, 12, 12, 12, 12],
    [8, 8, 8, 8, 8, 8, 8, 8, 8, 8, 8, 8, 8, 8, 8]
  ],
  "burst": [
    [
      1.9616, 2.10872, 2.25584, 2.452, 2.59912, 2.74624, 2.9424, 3.13856,
      3.33472, 3.53088, 3.72704, 3.9232, 4.1684, 4.4136, 4.6588
    ],
    [8, 8, 8, 8, 8, 8, 8, 8, 8, 8, 8, 8, 8, 8, 8],
    [15, 15, 15, 15, 15, 15, 15, 15, 15, 15, 15, 15, 15, 15, 15],
    [60, 60, 60, 60, 60, 60, 60, 60, 60, 60, 60, 60, 60, 60, 60]
  ],
  "passive1": [[20], [0.5]],
  "passive2": [[15], [7], [5], [4]],
  "passive3": [],
  "constellation1": [0.15],
  "constellation2": [0.15, 2, 10],
  "constellation3": [],
  "constellation4": [80, 10],
  "constellation5": [],
  "constellation6": [15]
}
