{
  "auto": [
    [
      0.40678,
      0.43989,
      0.473,
      0.5203,
      0.55341,
      0.59125,
      0.64328,
      0.69531,
      0.74734,
      0.8041,
      0.86086,
      0.91762,
      0.97438,
      1.03114,
      1.0879
    ],
    [
      0.39044,
      0.42222,
      0.454,
      0.4994,
      0.53118,
      0.5675,
      0.61744,
      0.66738,
      0.71732,
      0.7718,
      0.82628,
      0.88076,
      0.93524,
      0.98972,
      1.0442
    ],
    [
      0.516,
      0.558,
      0.6,
      0.66,
      0.702,
      0.75,
      0.816,
      0.882,
      0.948,
      1.02,
      1.092,
      1.164,
      1.236,
      1.308,
      1.38
    ],
    [
      0.32508,
      0.35154,
      0.378,
      0.4158,
      0.44226,
      0.4725,
      0.51408,
      0.55566,
      0.59724,
      0.6426,
      0.68796,
      0.73332,
      0.77868,
      0.82404,
      0.8694
    ],
    [
      0.4386,
      0.4743,
      0.51,
      0.561,
      0.5967,
      0.6375,
      0.6936,
      0.7497,
      0.8058,
      0.867,
      0.9282,
      0.9894,
      1.0506,
      1.1118,
      1.173
    ],
    [
      1.24,
      1.333,
      1.426,
      1.55,
      1.643,
      1.736,
      1.86,
      1.984,
      2.108,
      2.232,
      2.356,
      2.48,
      2.635,
      2.79,
      2.945
    ],
    [
      0.11576,
      0.124442,
      0.133124,
      0.1447,
      0.153382,
      0.162064,
      0.17364,
      0.185216,
      0.196792,
      0.208368,
      0.219944,
      0.23152,
      0.24599,
      0.26046,
      0.27493
    ],
    [
      0.568288,
      0.614544,
      0.6608,
      0.72688,
      0.773136,
      0.826,
      0.898688,
      0.971376,
      1.044064,
      1.12336,
      1.202656,
      1.281952,
      1.361248,
      1.440544,
      1.51984
    ],
    [
      1.136335,
      1.228828,
      1.32132,
      1.453452,
      1.545944,
      1.65165,
      1.796995,
      1.94234,
      2.087686,
      2.246244,
      2.404802,
      2.563361,
      2.721919,
      2.880478,
      3.039036
    ],
    [
      1.419344,
      1.534872,
      1.6504,
      1.81544,
      1.930968,
      2.063,
      2.244544,
      2.426088,
      2.607632,
      2.80568,
      3.003728,
      3.201776,
      3.399824,
      3.597872,
      3.79592
    ]
  ],
  "skill": [
    [
      0.226136,
      0.243096,
      0.260056,
      0.28267,
      0.29963,
      0.31659,
      0.339204,
      0.361818,
      0.384431,
      0.407045,
      0.429658,
      0.452272,
      0.480539,
      0.508806,
      0.537073
    ],
    [
      0.34,
      0.34,
      0.34,
      0.34,
      0.34,
      0.34,
      0.34,
      0.34,
      0.34,
      0.34,
      0.34,
      0.34,
      0.34,
      0.34,
      0.34
    ],
    [
      3,
      3,
      3,
      3,
      3,
      3,
      3,
      3,
      3,
      3,
      3,
      3,
      3,
      3,
      3
    ],
    [
      10,
      10,
      10,
      10,
      10,
      10,
      10,
      10,
      10,
      10,
      10,
      10,
      10,
      10,
      10
    ]
  ],
  "burst": [
    [
      0.07308,
      0.078561,
      0.084042,
      0.09135,
      0.096831,
      0.102312,
      0.10962,
      0.116928,
      0.124236,
      0.131544,
      0.138852,
      0.14616,
      0.155295,
      0.16443,
      0.173565
    ],
    [
      0.04872,
      0.052374,
      0.056028,
      0.0609,
      0.064554,
      0.068208,
      0.07308,
      0.077952,
      0.082824,
      0.087696,
      0.092568,
      0.09744,
      0.10353,
      0.10962,
      0.11571
    ],
    [
      15,
      15,
      15,
      15,
      15,
      15,
      15,
      15,
      15,
      15,
      15,
      15,
      15,
      15,
      15
    ],
    [
      18,
      18,
      18,
      18,
      18,
      18,
      18,
      18,
      18,
      18,
      18,
      18,
      18,
      18,
      18
    ],
    [
      70,
      70,
      70,
      70,
      70,
      70,
      70,
      70,
      70,
      70,
      70,
      70,
      70,
      70,
      70
    ]
  ],
  "passive1": [
    [
      0.06
    ],
    [
      0.12
    ],
    [
      0.18
    ],
    [
      0.3
    ]
  ],
  "passive2": [
    [
      0.01
    ],
    [
      0.035
    ],
    [
      1
    ],
    [
      14
    ]
  ],
  "passive3": [],
  "constellation1": [],
  "constellation2": [
    0.14,
    1.8
  ],
  "constellation3": [],
  "constellation4": [
    0.1,
    25,
    4
  ],
  "constellation5": [],
  "constellation6": [
    5,
    20,
    1.56
  ]
}